tanggal,kota,suhu_min,suhu_max,suhu_rata,curah_hujan,kelembaban,kecepatan_angin,lama_penyinaran,kondisi_cuaca
2023-01-01,Malang,22.376001,27.876001,24.607252,2.5000002,85.5314,3.3882997,6.82813,Berawan
2023-01-02,Malang,21.776001,28.276001,24.253084,1.4000001,86.63526,4.274699,7.066754,Berawan
2023-01-03,Malang,20.726,28.926,24.159332,3.4,86.084984,4.94136,10.546527,Berawan
2023-01-04,Malang,21.176,28.226,23.780167,6.7,88.18936,5.0823665,8.620545,Hujan
2023-01-05,Malang,21.176,27.226,23.684336,8.300001,89.55683,5.7606196,10.529516,Hujan
2023-01-06,Malang,20.876001,26.476,23.240583,8.800002,90.673096,6.3001685,8.517488,Hujan
2023-01-07,Malang,20.226,27.526001,23.563501,4.1,86.83016,6.5526137,11.847828,Berawan
2023-01-08,Malang,19.976,27.426,23.405169,3.5999997,86.213844,5.2499914,10.627641,Berawan
2023-01-09,Malang,20.226,28.026001,23.763498,3.6000001,85.092995,4.3892727,10.318817,Berawan
2023-01-10,Malang,20.676,27.626001,23.990585,4.699999,85.80634,6.1388464,11.62512,Berawan
2023-01-11,Malang,21.276001,27.376001,24.038504,2.1999998,87.27957,6.8605676,10.812912,Berawan
2023-01-12,Malang,19.926,27.576,23.40309,0.6,85.5904,6.341882,11.842112,Berawan
2023-01-13,Malang,20.726,27.676,23.780169,0.5,84.62887,4.96966,10.38964,Berawan
2023-01-14,Malang,20.076,27.676,23.442667,14.8,89.524666,2.9266849,7.3668065,Hujan
2023-01-15,Malang,20.926,27.376001,23.478083,22.000002,92.58845,3.2536142,7.132775,Hujan
2023-01-16,Malang,21.526001,27.426,23.746834,17.300001,89.80313,3.2930067,6.4185104,Hujan
2023-01-17,Malang,21.426,26.726,23.64475,14.100001,91.56875,3.967682,7.0706153,Hujan
2023-01-18,Malang,21.276001,27.126001,23.605165,3.3999999,90.8923,5.2453504,7.785754,Berawan
2023-01-19,Malang,21.076,27.676,23.555168,10.900002,88.94877,3.8155453,10.183964,Hujan
2023-01-20,Malang,21.726,26.676,23.453085,12.300001,91.24622,4.1633687,6.1484485,Hujan
2023-01-21,Malang,21.126001,27.926,23.478083,11.5,89.361855,3.8095908,7.671212,Hujan
2023-01-22,Malang,20.776001,27.026001,23.796835,2.0,87.7381,4.5700603,10.822463,Berawan
2023-01-23,Malang,20.326,29.176,24.280165,0.70000005,83.26803,4.4590135,11.877081,Berawan
2023-01-24,Malang,20.876001,28.626001,24.428085,0.70000005,84.25321,3.8228412,10.87247,Berawan
2023-01-25,Malang,21.426,27.176,23.688501,8.1,89.15009,3.7873309,9.11439,Hujan
2023-01-26,Malang,21.676,26.326,23.215586,21.2,92.6045,5.524005,4.580578,Hujan
2023-01-27,Malang,21.476,25.976,23.261421,18.499998,91.49063,3.7584138,3.861895,Hujan
2023-01-28,Malang,21.376001,25.176,23.088503,34.500008,92.89408,2.6578836,3.5325077,Hujan
2023-01-29,Malang,22.076,27.376001,23.965584,36.5,88.41854,3.070876,6.655679,Hujan
2023-01-30,Malang,22.226,27.726,24.084335,7.3999996,91.40835,3.0258477,5.6659565,Hujan
2023-01-31,Malang,22.276001,26.876001,23.805168,11.799999,92.153465,4.189568,4.4589157,Hujan
2023-02-01,Malang,21.676,28.226,23.825998,32.7,91.898926,2.509406,5.1084814,Hujan
2023-02-02,Malang,21.626001,26.526001,23.711416,2.5000005,86.20721,3.5907347,0.0,Berawan
2023-02-03,Malang,22.176,26.576,23.846832,8.6,89.10473,3.4912686,0.0,Hujan
2023-02-04,Malang,22.076,27.626001,24.128084,17.2,87.2554,3.567061,8.556203,Hujan
2023-02-05,Malang,21.776001,27.726,24.023918,5.799999,84.61203,5.3842006,6.366692,Hujan
2023-02-06,Malang,21.376001,27.076,23.590584,5.0999994,89.04199,3.936942,6.0764976,Hujan
2023-02-07,Malang,21.076,26.876001,23.353086,40.100002,91.40879,2.8343449,5.7702155,Hujan
2023-02-08,Malang,21.976,26.276001,23.580164,39.0,91.38564,3.4654915,2.1511748,Hujan
2023-02-09,Malang,21.576,27.476,23.80517,39.000004,89.48243,3.1581101,7.308024,Hujan
2023-02-10,Malang,21.326,28.426,24.105165,22.4,87.24637,3.6556752,8.81067,Hujan
2023-02-11,Malang,21.826,27.376001,23.890585,63.0,89.24256,4.5087724,6.0,Hujan
2023-02-12,Malang,22.276001,26.826,23.680168,33.099995,90.58366,3.3774753,7.19447,Hujan
2023-02-13,Malang,21.526001,26.126001,23.01142,9.2,93.36316,4.490858,4.3319254,Hujan
2023-02-14,Malang,20.926,27.476,23.282255,6.7000003,90.79507,4.549151,8.432024,Hujan
2023-02-15,Malang,21.326,25.876001,22.896833,15.0,93.30256,4.0936975,5.7713675,Hujan
2023-02-16,Malang,21.676,25.926,23.196833,24.300001,94.461975,3.0277069,3.6459465,Hujan
2023-02-17,Malang,21.076,26.776001,23.432251,10.5,92.17737,3.9418151,5.303471,Hujan
2023-02-18,Malang,20.926,27.726,23.46975,9.800001,91.15142,4.786675,7.545598,Hujan
2023-02-19,Malang,21.076,27.826,23.69475,5.1999993,90.04819,3.9403088,7.814941,Hujan
2023-02-20,Malang,20.426,27.826,23.759333,8.200001,89.38508,3.9650009,10.078934,Hujan
2023-02-21,Malang,20.626001,28.876001,24.123917,2.3999999,84.85316,3.8149104,10.1700945,Berawan
2023-02-22,Malang,21.376001,28.276001,23.94475,22.199999,89.2725,3.6125453,6.603875,Hujan
2023-02-23,Malang,21.626001,27.926,24.576002,19.400002,86.86221,3.3960698,6.187034,Hujan
2023-02-24,Malang,22.176,27.176,24.142668,31.800003,91.72235,3.6424384,5.7547197,Hujan
2023-02-25,Malang,22.126001,28.076,24.338501,69.90001,88.81037,4.0788884,7.805212,Hujan
2023-02-26,Malang,21.776001,28.826,24.09892,13.400002,87.589195,3.2508748,7.7339725,Hujan
2023-02-27,Malang,21.526001,28.276001,24.336418,12.6,87.416405,3.1218395,8.809721,Hujan
2023-02-28,Malang,21.776001,28.676,24.063505,32.9,87.93299,3.81991,8.101084,Hujan
2023-03-01,Malang,21.326,26.576,23.2885,16.3,91.75724,4.4682517,8.8558655,Hujan
2023-03-02,Malang,20.626001,26.776001,23.13225,35.8,89.37705,3.3435051,7.0992146,Hujan
2023-03-03,Malang,21.126001,29.026001,24.155167,2.8,83.853745,3.670669,10.045111,Berawan
2023-03-04,Malang,20.576,28.626001,23.788504,8.700002,85.95278,3.5533876,10.154767,Hujan
2023-03-05,Malang,20.626001,27.676,23.284334,18.4,89.5458,3.952946,8.591778,Hujan
2023-03-06,Malang,21.426,26.726,23.57392,4.5,90.10021,5.8088408,10.409332,Berawan
2023-03-07,Malang,19.876001,28.376001,24.030167,0.2,83.99665,5.343065,11.735669,Berawan
2023-03-08,Malang,20.276001,27.226,23.165583,8.8,89.90216,4.6846676,9.445378,Hujan
2023-03-09,Malang,20.976,28.426,24.048918,0.4,82.26814,4.6622214,11.297836,Berawan
2023-03-10,Malang,21.376001,27.376001,23.753084,2.9,87.17469,3.3731737,9.498864,Berawan
2023-03-11,Malang,21.126001,28.576,24.609331,0.1,83.20547,5.165179,11.627284,Berawan
2023-03-12,Malang,21.626001,29.326,24.932253,0.4,79.84015,5.149821,11.757642,Berawan
2023-03-13,Malang,21.126001,27.826,23.657251,5.2999997,86.10674,4.3708887,10.908761,Hujan
2023-03-14,Malang,19.776001,27.326,23.226,4.0,85.941154,5.2535424,9.69505,Berawan
2023-03-15,Malang,21.726,28.076,24.334333,0.4,81.63922,4.958597,11.378038,Berawan
2023-03-16,Malang,22.026001,26.176,23.853083,1.5000001,85.817024,4.00421,9.30287,Berawan
2023-03-17,Malang,21.676,27.576,23.976,1.0,83.33546,3.4338865,8.671685,Berawan
2023-03-18,Malang,21.176,27.776001,23.896833,3.6,85.31161,3.639799,11.328632,Berawan
2023-03-19,Malang,21.476,27.476,24.153084,6.1000004,85.242226,4.731044,9.99456,Hujan
2023-03-20,Malang,21.526001,26.626001,23.721834,9.900001,89.060646,3.3448968,7.0856647,Hujan
2023-03-21,Malang,21.076,28.826,24.48017,0.6,85.10729,5.267693,11.001658,Berawan
2023-03-22,Malang,22.076,28.426,24.353083,7.9,84.68998,4.6479173,9.131613,Hujan
2023-03-23,Malang,21.976,28.476,24.513502,2.0,85.47993,3.3384616,10.212347,Berawan
2023-03-24,Malang,21.676,27.676,24.026001,45.6,87.61426,2.7055504,6.0,Hujan
2023-03-25,Malang,21.276001,28.326,24.132248,5.3999996,84.983864,3.2560024,8.043872,Hujan
2023-03-26,Malang,21.276001,27.526001,23.876,14.099999,85.39028,3.9490309,6.8533025,Hujan
2023-03-27,Malang,21.126001,26.926,23.65725,36.6,88.68246,3.2406871,5.847945,Hujan
2023-03-28,Malang,21.676,27.026001,23.76142,24.9,85.654945,3.5300577,6.3896403,Hujan
2023-03-29,Malang,22.326,28.126001,24.461416,10.500001,84.41779,3.908839,8.979636,Hujan
2023-03-30,Malang,21.676,28.026001,24.530167,13.800001,84.162575,4.00108,9.643368,Hujan
2023-03-31,Malang,21.576,27.376001,23.56767,37.9,85.750404,3.2937825,5.8604865,Hujan
2023-04-01,Malang,21.726,26.976,23.440584,9.7,90.23283,3.9268293,6.241661,Hujan
2023-04-02,Malang,21.276001,26.376001,23.15725,16.7,93.33609,3.6449945,6.0,Hujan
2023-04-03,Malang,21.426,26.526001,23.348917,19.0,92.562096,3.3327804,6.3389206,Hujan
2023-04-04,Malang,21.276001,26.826,23.27392,22.0,92.11573,3.6839836,6.897589,Hujan
2023-04-05,Malang,20.926,27.576,23.746834,23.699999,85.34473,3.2410314,8.904162,Hujan
2023-04-06,Malang,20.626001,27.726,23.296835,19.600002,88.84214,4.391189,9.579542,Hujan
2023-04-07,Malang,21.426,26.876001,23.740587,5.3999996,87.9248,4.100204,6.2736588,Hujan
2023-04-08,Malang,20.176,28.276001,23.676,2.5,85.59269,3.6772406,8.724033,Berawan
2023-04-09,Malang,20.676,28.626001,23.869753,1.7000002,82.788605,4.6062913,9.426857,Berawan
2023-04-10,Malang,21.426,27.876001,23.703085,3.6000001,89.71288,5.081159,9.419212,Berawan
2023-04-11,Malang,20.776001,27.476,23.646837,9.6,91.416145,4.5515547,8.822371,Hujan
2023-04-12,Malang,22.026001,26.526001,23.811417,21.599998,93.664925,3.958683,6.198392,Hujan
2023-04-13,Malang,21.926,26.326,23.498919,15.8,93.01873,3.9097419,0.9888833,Hujan
2023-04-14,Malang,20.626001,26.976,23.201002,7.8,90.7627,4.1942573,6.2621713,Hujan
2023-04-15,Malang,20.776001,26.776001,23.396835,9.000001,90.57291,4.2645717,7.7981925,Hujan
2023-04-16,Malang,21.376001,28.576,24.401003,3.7999997,86.893425,3.3643284,10.409639,Berawan
2023-04-17,Malang,21.826,27.026001,23.776001,22.300001,89.967705,3.7669003,7.7497954,Hujan
2023-04-18,Malang,21.876001,27.526001,23.986418,0.3,86.58849,4.1086802,6.6027517,Berawan
2023-04-19,Malang,21.876001,28.626001,24.888498,0.3,83.76224,3.4863505,11.055637,Berawan
2023-04-20,Malang,22.226,28.676,24.578081,3.6,86.70709,4.8053856,11.055807,Berawan
2023-04-21,Malang,20.626001,28.076,24.01975,4.2,86.481636,3.985679,11.121836,Berawan
2023-04-22,Malang,21.076,27.676,24.009333,4.9999995,85.43272,4.3770833,10.890543,Berawan
2023-04-23,Malang,21.326,28.226,24.492668,1.4,84.14524,4.4970365,10.0588,Berawan
2023-04-24,Malang,21.126001,28.376001,24.44684,1.6000001,84.3605,4.4235287,11.123111,Berawan
2023-04-25,Malang,21.676,29.026001,24.803083,0.1,84.30056,5.4479446,10.872183,Berawan
2023-04-26,Malang,21.726,27.676,24.021833,7.2999997,85.40627,4.4948964,7.2644777,Hujan
2023-04-27,Malang,21.426,27.626001,24.040583,1.4000001,85.33378,3.3947628,10.336271,Berawan
2023-04-28,Malang,21.676,26.776001,24.053085,6.2,88.47584,3.0598907,7.2859764,Hujan
2023-04-29,Malang,21.976,26.626001,23.89267,32.0,89.57519,4.4581633,6.663915,Hujan
2023-04-30,Malang,21.526001,28.376001,24.17392,22.3,87.126945,4.968544,9.601142,Hujan
2023-05-01,Malang,21.626001,28.276001,24.157251,24.500004,86.896065,4.485172,11.061855,Hujan
2023-05-02,Malang,21.326,27.426,24.078085,10.5,88.84336,4.0143747,6.142294,Hujan
2023-05-03,Malang,21.676,28.176,24.651001,0.2,86.88561,4.416774,9.2800665,Berawan
2023-05-04,Malang,22.576,28.126001,24.7385,0.1,84.915695,5.0971603,8.028598,Berawan
2023-05-05,Malang,21.426,28.326,24.726,0.3,83.851074,3.9506478,11.133106,Berawan
2023-05-06,Malang,21.926,27.626001,24.2885,2.0,87.65017,3.1208742,9.067157,Berawan
2023-05-07,Malang,22.426,27.026001,24.544748,0.1,87.26838,4.2981615,10.291317,Berawan
2023-05-08,Malang,22.076,28.076,24.628082,0.0,80.824776,4.8158674,11.0,Cerah
2023-05-09,Malang,22.076,27.376001,23.942667,0.8000001,81.63222,3.5672433,8.385967,Berawan
2023-05-10,Malang,21.926,26.726,24.136415,0.2,86.89667,5.3946476,5.735781,Berawan
2023-05-11,Malang,21.626001,27.526001,24.32392,0.3,84.72552,5.085675,6.853886,Berawan
2023-05-12,Malang,22.376001,28.576,24.951002,0.0,81.176704,4.5427723,10.635916,Cerah
2023-05-13,Malang,21.526001,27.226,23.734339,0.1,83.83719,11.719774,11.0,Berawan
2023-05-14,Malang,21.026001,26.276001,23.213501,0.0,82.66435,11.933545,10.975453,Cerah
2023-05-15,Malang,20.976,26.776001,23.223917,0.1,81.13111,9.857273,7.789173,Berawan
2023-05-16,Malang,20.526001,26.276001,22.8385,2.3999999,82.29095,6.608821,7.0217447,Berawan
2023-05-17,Malang,19.876001,26.926,22.880167,0.2,82.13226,5.111845,7.5059056,Berawan
2023-05-18,Malang,19.276001,26.926,22.801,3.4999998,83.82759,4.9123316,11.085061,Berawan
2023-05-19,Malang,19.876001,27.826,23.528084,1.5000001,82.29111,4.9721904,11.0,Berawan
2023-05-20,Malang,19.776001,28.326,23.919752,0.1,77.560326,6.098112,11.0,Berawan
2023-05-21,Malang,19.576,27.926,23.771837,0.0,80.40942,5.823615,11.0,Cerah
2023-05-22,Malang,19.776001,27.626001,23.311419,0.0,76.74502,5.317275,11.023895,Cerah
2023-05-23,Malang,19.126001,27.226,23.240583,0.6,78.60072,3.8868654,11.025879,Berawan
2023-05-24,Malang,19.876001,27.976,23.76767,0.3,79.01081,4.392124,11.02791,Berawan
2023-05-25,Malang,21.226,28.376001,24.159334,0.0,81.336586,6.5195456,11.029993,Cerah
2023-05-26,Malang,20.076,28.576,24.178083,0.0,75.401985,4.2359405,10.386929,Cerah
2023-05-27,Malang,20.926,27.726,23.834333,0.0,79.15741,8.496291,10.532613,Cerah
2023-05-28,Malang,20.676,26.826,23.501,0.0,79.85959,7.5888495,10.118512,Cerah
2023-05-29,Malang,20.676,28.376001,23.9635,0.0,76.50118,4.7686095,11.0,Cerah
2023-05-30,Malang,19.176,28.076,23.486418,0.0,76.41149,5.3309317,11.0,Cerah
2023-05-31,Malang,19.626001,28.026001,23.682253,0.0,73.562,3.9446843,11.0,Cerah
2023-06-01,Malang,19.976,28.326,23.821836,0.1,78.99053,5.641267,11.0,Berawan
2023-06-02,Malang,22.226,27.826,24.246834,0.6,86.32837,7.6034446,11.0,Berawan
2023-06-03,Malang,21.376001,28.426,24.490583,0.6,83.949265,6.8818684,10.403604,Berawan
2023-06-04,Malang,21.976,26.526001,23.559334,7.8,89.88861,6.4514017,11.0,Hujan
2023-06-05,Malang,21.926,27.176,23.609335,21.199999,89.143715,5.923407,9.0,Hujan
2023-06-06,Malang,21.126001,25.126001,22.871836,16.4,92.85987,6.155906,4.715063,Hujan
2023-06-07,Malang,21.276001,26.626001,23.048922,48.199986,91.663086,4.0739083,9.37112,Hujan
2023-06-08,Malang,21.276001,27.276001,23.790586,0.0,85.26615,3.8234665,10.681507,Cerah
2023-06-09,Malang,22.176,27.376001,24.05725,0.0,83.210594,7.5225215,11.0,Cerah
2023-06-10,Malang,20.526001,26.776001,23.467669,0.3,85.94077,6.0994353,11.0,Berawan
2023-06-11,Malang,22.376001,26.876001,23.948915,4.0,86.680046,5.123173,9.977697,Berawan
2023-06-12,Malang,20.676,27.126001,23.70517,1.1,84.61386,3.975604,10.482228,Berawan
2023-06-13,Malang,21.276001,26.976,24.009333,0.1,83.9434,5.874371,11.0,Berawan
2023-06-14,Malang,21.376001,26.826,23.492668,0.0,81.77392,5.4837236,10.568448,Cerah
2023-06-15,Malang,21.376001,26.826,23.336418,0.0,84.843834,5.362578,11.0,Cerah
2023-06-16,Malang,21.626001,27.426,23.79267,0.0,84.09017,4.61394,10.756676,Cerah
2023-06-17,Malang,20.476,28.926,23.898918,1.6000001,81.224754,4.6085644,11.0,Berawan
2023-06-18,Malang,20.326,29.176,24.06975,0.0,77.122505,5.9007397,11.0,Cerah
2023-06-19,Malang,20.676,29.076,24.4135,0.3,76.82463,5.0687537,11.0,Berawan
2023-06-20,Malang,20.876001,29.226,24.546837,0.2,76.28715,5.234465,11.0,Berawan
2023-06-21,Malang,22.026001,28.276001,24.386414,0.2,76.85294,10.371439,11.0,Berawan
2023-06-22,Malang,21.526001,29.226,24.45725,0.0,75.900475,7.2294374,11.0,Cerah
2023-06-23,Malang,20.176,28.176,23.834335,0.5,79.84983,4.371402,11.0,Berawan
2023-06-24,Malang,19.776001,28.576,23.486418,0.8000001,82.09012,4.713841,11.0,Berawan
2023-06-25,Malang,20.376001,27.576,23.771835,3.3000002,84.66962,3.5486145,11.0,Berawan
2023-06-26,Malang,19.776001,27.676,23.101,2.2,86.753456,4.365042,11.0,Berawan
2023-06-27,Malang,20.726,26.026001,22.521837,10.099999,90.56896,6.3724666,5.1586366,Hujan
2023-06-28,Malang,21.576,25.326,22.86558,13.6,91.99302,7.187394,9.200889,Hujan
2023-06-29,Malang,21.826,26.476,23.471832,3.3,88.694916,7.466541,10.685234,Berawan
2023-06-30,Malang,21.426,27.426,23.523916,8.9,87.178406,6.0508695,9.583897,Hujan
2023-07-01,Malang,21.776001,25.026001,22.903084,21.200003,92.17565,9.565113,10.891094,Hujan
2023-07-02,Malang,21.826,24.626001,22.738503,32.199997,91.10308,8.338126,8.57456,Hujan
2023-07-03,Malang,20.326,25.626001,22.732252,6.3,89.97604,6.630891,10.301249,Hujan
2023-07-04,Malang,21.126001,26.726,22.934336,16.9,92.69354,4.767841,8.406995,Hujan
2023-07-05,Malang,21.626001,25.376001,23.015587,5.5,92.53046,5.9008594,9.531771,Hujan
2023-07-06,Malang,21.876001,25.576,23.119751,4.899999,91.83123,7.047839,9.907839,Berawan
2023-07-07,Malang,21.276001,24.226,22.130167,34.0,95.6079,6.1417627,3.526664,Hujan
2023-07-08,Malang,21.326,25.926,22.9635,2.3999996,92.86877,4.4263277,7.7550836,Berawan
2023-07-09,Malang,20.076,26.226,23.001,0.0,85.96765,3.6991665,11.0,Cerah
2023-07-10,Malang,20.826,26.726,23.051003,0.1,86.365776,4.292376,10.501699,Berawan
2023-07-11,Malang,19.876001,26.226,22.607252,0.0,86.30535,5.756489,11.0,Cerah
2023-07-12,Malang,19.326,25.976,22.373917,0.2,82.47808,8.271631,11.0,Berawan
2023-07-13,Malang,21.026001,25.026001,22.684334,1.1,88.5642,8.284083,6.3910494,Berawan
2023-07-14,Malang,21.276001,24.776001,22.686419,0.1,86.82142,9.983456,10.8145895,Berawan
2023-07-15,Malang,21.176,25.876001,22.888498,0.4,87.31613,7.193185,10.813481,Berawan
2023-07-16,Malang,20.076,24.626001,22.013502,0.70000005,87.51481,8.454022,11.015151,Berawan
2023-07-17,Malang,16.976,26.426,21.826002,0.0,86.34287,6.2656198,11.013393,Cerah
2023-07-18,Malang,18.076,26.876001,22.440584,1.3000001,83.46314,4.512978,11.0,Berawan
2023-07-19,Malang,19.126001,25.676,21.896835,0.0,83.36381,10.338156,11.009948,Cerah
2023-07-20,Malang,18.476,25.626001,21.553085,0.0,77.13993,10.05293,11.008256,Cerah
2023-07-21,Malang,19.226,25.376001,21.828087,0.0,80.987495,9.525152,11.0,Cerah
2023-07-22,Malang,18.776001,26.776001,22.467667,0.0,79.36667,6.009042,11.004951,Cerah
2023-07-23,Malang,19.526001,26.226,22.450998,0.0,82.89343,5.1878057,10.734213,Cerah
2023-07-24,Malang,18.526001,26.976,22.361418,0.3,84.98435,4.5084667,11.0,Berawan
2023-07-25,Malang,18.326,28.276001,22.557251,0.0,82.26861,5.170176,11.068769,Cerah
2023-07-26,Malang,19.426,26.626001,22.259333,0.0,81.78548,7.821236,11.0,Cerah
2023-07-27,Malang,17.376001,25.876001,21.373917,0.0,83.62086,6.6593814,11.0,Cerah
2023-07-28,Malang,17.926,25.976,21.60517,0.0,82.92815,7.120141,10.747249,Cerah
2023-07-29,Malang,18.326,25.976,21.75725,0.0,80.48007,5.8480544,11.0,Cerah
2023-07-30,Malang,17.476,26.276001,21.665583,0.0,82.0481,8.105634,10.0,Cerah
2023-07-31,Malang,18.576,26.526001,21.686417,0.0,85.8872,5.9642153,11.127919,Cerah
2023-08-01,Malang,17.926,28.676,22.798914,0.0,78.361244,5.1738434,11.0,Cerah
2023-08-02,Malang,19.076,29.076,23.632248,1.3000001,75.48185,4.263684,11.125253,Berawan
2023-08-03,Malang,20.426,28.226,23.342667,0.8,82.33976,5.294964,10.849244,Berawan
2023-08-04,Malang,20.326,25.026001,22.455168,0.2,85.6405,7.966401,10.874118,Berawan
2023-08-05,Malang,19.276001,28.276001,22.896835,0.8000001,80.9502,6.6668863,11.0,Berawan
2023-08-06,Malang,20.726,27.376001,23.348917,0.5,84.90896,6.90651,10.507093,Berawan
2023-08-07,Malang,19.426,27.526001,23.082247,0.2,85.05454,5.528051,11.0,Berawan
2023-08-08,Malang,18.376001,27.526001,22.740583,0.0,81.775856,5.122635,11.0,Cerah
2023-08-09,Malang,17.426,27.626001,22.076002,0.0,76.26774,4.358058,11.185225,Cerah
2023-08-10,Malang,17.726,27.576,21.767668,0.0,76.50155,6.1131186,11.184404,Cerah
2023-08-11,Malang,18.226,27.176,21.796835,0.0,70.64393,6.7416024,11.18365,Cerah
2023-08-12,Malang,17.276001,27.626001,21.51142,0.0,76.98381,5.32178,11.116206,Cerah
2023-08-13,Malang,16.926,28.226,22.238503,0.0,75.6162,5.1833816,11.049018,Cerah
2023-08-14,Malang,17.826,27.526001,22.130167,0.0,77.78161,6.0769916,11.0,Cerah
2023-08-15,Malang,18.826,28.226,22.848915,0.0,79.53542,7.4966555,11.114828,Cerah
2023-08-16,Malang,18.526001,27.826,22.484335,0.0,76.10093,8.919922,11.0,Cerah
2023-08-17,Malang,19.326,25.626001,21.590584,0.6,82.21502,10.149918,9.220112,Berawan
2023-08-18,Malang,18.776001,26.926,21.865583,0.1,82.96548,7.9386353,9.735475,Berawan
2023-08-19,Malang,18.276001,27.876001,22.74267,0.0,80.34849,5.073929,11.0,Cerah
2023-08-20,Malang,18.626001,28.476,22.653086,0.1,80.71058,7.049432,10.54329,Berawan
2023-08-21,Malang,19.526001,27.726,22.905167,0.0,78.717354,6.950936,11.047725,Cerah
2023-08-22,Malang,19.376001,27.076,22.523918,0.0,81.62295,7.0265074,11.0,Cerah
2023-08-23,Malang,18.476,27.126001,22.13225,0.0,82.5929,8.00081,11.0,Cerah
2023-08-24,Malang,19.276001,27.776001,23.082247,0.0,80.51777,6.0990562,11.0,Cerah
2023-08-25,Malang,20.526001,28.276001,23.303085,0.70000005,82.21033,7.3009257,11.0,Berawan
2023-08-26,Malang,19.926,27.576,22.751001,0.0,83.91429,6.4030704,11.0,Cerah
2023-08-27,Malang,17.426,28.476,22.251001,1.0,83.33703,6.650258,11.0,Berawan
2023-08-28,Malang,18.076,28.326,22.794748,0.1,76.86242,6.149168,11.182153,Berawan
2023-08-29,Malang,18.826,28.726,23.059336,0.4,74.38576,4.888949,11.115004,Berawan
2023-08-30,Malang,17.876001,29.676,23.059334,0.0,73.98914,5.7390203,11.174214,Cerah
2023-08-31,Malang,20.076,27.676,22.915586,0.0,83.301704,7.5144243,10.0,Cerah
2023-09-01,Malang,19.576,27.526001,22.405167,0.0,79.43319,7.767065,11.0,Cerah
2023-09-02,Malang,16.076,26.876001,21.457253,0.2,76.41543,8.349369,11.174979,Berawan
2023-09-03,Malang,17.176,27.876001,21.953085,0.6,75.934044,7.3375325,11.105129,Berawan
2023-09-04,Malang,17.126001,27.326,21.94475,0.1,73.866516,7.0564675,11.100295,Berawan
2023-09-05,Malang,17.276001,27.876001,22.207253,0.0,75.26244,6.704505,11.160324,Cerah
2023-09-06,Malang,20.326,27.076,23.178085,0.0,77.94309,9.785996,11.0,Cerah
2023-09-07,Malang,19.576,27.676,22.928083,0.0,79.57827,9.555796,11.0,Cerah
2023-09-08,Malang,18.376001,29.176,22.998917,0.0,73.099556,6.8136096,11.332461,Cerah
2023-09-09,Malang,17.226,29.326,22.505165,0.0,67.61326,6.320319,11.457811,Cerah
2023-09-10,Malang,18.976,28.726,22.782251,0.0,79.1995,7.426821,10.0,Cerah
2023-09-11,Malang,20.176,29.776001,23.932251,1.3000001,78.616005,5.8723464,11.066049,Berawan
2023-09-12,Malang,21.326,29.526001,24.205164,0.4,79.89439,7.4513345,11.061371,Berawan
2023-09-13,Malang,19.676,29.276001,23.821833,0.8,77.11199,8.013258,11.120968,Berawan
2023-09-14,Malang,20.076,26.126001,22.803083,5.1000004,80.69784,9.429499,11.0,Hujan
2023-09-15,Malang,18.426,28.326,23.10308,0.5,78.26299,7.5394797,11.046909,Berawan
2023-09-16,Malang,18.776001,29.826,23.546831,2.3,80.07723,6.233608,11.429223,Berawan
2023-09-17,Malang,20.876001,28.776001,23.95517,0.2,79.424065,8.486118,10.297696,Berawan
2023-09-18,Malang,19.776001,27.976,23.240585,0.0,78.00596,8.807355,11.097115,Cerah
2023-09-19,Malang,19.426,28.876001,23.482252,0.0,73.70362,7.93891,11.5474205,Cerah
2023-09-20,Malang,19.326,29.276001,23.623915,0.0,73.50304,7.2318172,11.54362,Cerah
2023-09-21,Malang,19.176,29.476,23.561422,0.0,67.82664,8.023757,11.66864,Cerah
2023-09-22,Malang,19.076,28.476,22.842669,0.0,69.66726,9.697183,11.625284,Cerah
2023-09-23,Malang,17.476,28.426,22.9385,0.0,76.07198,6.704858,11.459388,Cerah
2023-09-24,Malang,18.976,29.626001,23.80517,0.1,71.21917,6.0104375,11.6470375,Berawan
2023-09-25,Malang,20.176,29.426,23.786417,0.0,76.66331,9.668438,11.074116,Cerah
2023-09-26,Malang,19.076,30.926,23.811417,0.0,67.2811,7.976849,11.66866,Cerah
2023-09-27,Malang,19.226,31.326,24.38642,0.0,69.758575,6.390284,11.666124,Cerah
2023-09-28,Malang,20.176,30.976,24.584337,0.2,74.15004,6.0290484,11.256739,Berawan
2023-09-29,Malang,20.276001,32.225998,25.013504,0.0,70.73946,6.5611515,11.700395,Cerah
2023-09-30,Malang,20.976,31.176,24.71975,0.0,71.72646,7.8400016,11.297908,Cerah
2023-10-01,Malang,20.526001,30.876001,24.53225,0.0,69.141136,8.461499,11.720777,Cerah
2023-10-02,Malang,20.576,29.676,24.2135,0.1,72.78976,8.65831,11.018434,Berawan
2023-10-03,Malang,20.826,30.026001,24.267668,2.4999998,77.06283,6.097801,9.770245,Berawan
2023-10-04,Malang,20.176,31.626001,25.123922,0.5,74.340004,5.44094,11.729813,Berawan
2023-10-05,Malang,21.126001,33.076,25.746834,0.1,70.79929,6.770828,11.729856,Berawan
2023-10-06,Malang,21.526001,32.276,26.038504,0.0,70.380196,5.313261,11.273563,Cerah
2023-10-07,Malang,21.726,30.976,25.692667,0.1,75.0976,4.5983844,10.921285,Berawan
2023-10-08,Malang,21.576,31.826,25.91142,0.3,65.28792,6.072406,11.719446,Berawan
2023-10-09,Malang,20.976,32.475998,26.217665,1.3,63.730408,6.441432,11.771201,Berawan
2023-10-10,Malang,20.526001,31.376001,25.007248,0.0,72.126,7.120558,11.779347,Cerah
2023-10-11,Malang,20.426,32.475998,25.319754,0.0,69.30414,5.8570533,11.787419,Cerah
2023-10-12,Malang,20.726,31.326,25.728083,0.0,65.67399,7.0435066,11.446764,Cerah
2023-10-13,Malang,21.176,31.326,25.551,0.4,71.67273,6.741163,11.803277,Berawan
2023-10-14,Malang,21.426,31.776001,25.946836,0.0,65.65813,5.939948,11.81103,Cerah
2023-10-15,Malang,20.776001,32.626,26.309336,0.0,56.28049,6.592078,11.818642,Cerah
2023-10-16,Malang,23.076,32.826,26.836412,0.2,69.510925,7.6595297,11.434556,Berawan
2023-10-17,Malang,22.326,32.326,26.880165,0.0,64.649925,8.256941,11.692841,Cerah
2023-10-18,Malang,21.926,32.926,26.205168,0.0,66.944954,7.3971357,11.690474,Cerah
2023-10-19,Malang,21.076,33.426,26.059332,0.0,67.29842,5.670165,11.622827,Cerah
2023-10-20,Malang,21.126001,31.326,25.815582,0.8,67.35669,6.3327103,11.854009,Berawan
2023-10-21,Malang,21.076,33.025997,26.434336,0.0,63.908463,4.893261,11.860427,Cerah
2023-10-22,Malang,20.826,32.426,25.961418,0.1,65.983116,5.3124113,11.866588,Berawan
2023-10-23,Malang,21.226,30.926,25.551,0.5,70.154854,5.4353237,11.812265,Berawan
2023-10-24,Malang,21.326,31.676,25.867668,0.3,71.23956,5.388839,11.878066,Berawan
2023-10-25,Malang,21.226,32.225998,25.926003,0.0,66.24846,6.1909,11.88335,Cerah
2023-10-26,Malang,22.126001,32.876,26.034338,1.0,72.74092,6.225399,11.888389,Berawan
2023-10-27,Malang,21.826,33.975998,26.39475,0.0,61.419186,6.565569,11.808136,Cerah
2023-10-28,Malang,20.976,33.525997,25.86142,0.4,61.070606,6.9744606,11.897958,Berawan
2023-10-29,Malang,20.676,32.276,25.871834,0.5,69.94271,6.097665,11.608235,Berawan
2023-10-30,Malang,22.026001,31.976,25.780167,0.90000004,73.03834,6.8854737,11.9068,Berawan
2023-10-31,Malang,21.826,31.176,26.0635,0.4,72.466385,6.694558,11.910927,Berawan
2023-11-01,Malang,22.176,32.526,26.582253,0.0,67.085365,7.132309,11.914848,Cerah
2023-11-02,Malang,22.776001,32.876,26.8635,0.0,67.959145,6.1862755,11.918552,Cerah
2023-11-03,Malang,23.126001,31.326,26.028086,0.4,73.56567,3.8210886,9.417756,Berawan
2023-11-04,Malang,21.776001,31.626001,25.98642,0.0,71.21183,3.9872625,11.780232,Cerah
2023-11-05,Malang,22.126001,33.775997,26.859331,0.1,68.601204,6.0140495,11.928292,Berawan
2023-11-06,Malang,23.226,32.926,26.590584,0.2,68.8092,5.7654324,11.874178,Berawan
2023-11-07,Malang,22.176,32.475998,26.286417,0.0,72.19109,5.8935456,10.769446,Cerah
2023-11-08,Malang,21.776001,33.275997,26.688501,0.2,69.851074,6.264569,11.935785,Berawan
2023-11-09,Malang,22.676,32.076,26.167671,3.3999999,75.79052,5.153724,11.37426,Berawan
2023-11-10,Malang,22.026001,30.926,25.328081,4.1,80.78947,4.3291636,10.361165,Berawan
2023-11-11,Malang,22.176,31.076,24.926003,2.5,84.53802,4.753753,11.07161,Berawan
2023-11-12,Malang,22.026001,29.326,24.626,19.5,83.74075,5.0336623,10.009663,Hujan
2023-11-13,Malang,22.176,30.926,25.476006,1.8000001,79.93319,4.8796167,11.942651,Berawan
2023-11-14,Malang,22.126001,30.376001,25.498915,0.70000005,80.58456,4.813917,11.83041,Berawan
2023-11-15,Malang,22.826,30.426,25.528084,1.5000001,82.40462,5.9444194,11.189912,Berawan
2023-11-16,Malang,23.126001,29.326,25.436417,8.9,82.542595,6.9229326,11.820101,Hujan
2023-11-17,Malang,21.826,30.576,25.384336,0.5,78.49575,7.8038917,11.774162,Berawan
2023-11-18,Malang,21.476,30.876001,25.20725,0.0,77.73263,7.7786746,11.941735,Cerah
2023-11-19,Malang,22.426,29.926,25.490583,0.3,74.4023,7.9008555,11.690289,Berawan
2023-11-20,Malang,23.126001,29.776001,25.507248,3.4,77.98138,8.412646,8.751959,Berawan
2023-11-21,Malang,22.226,31.676,26.123917,0.5,76.50063,6.3759303,11.9375925,Berawan
2023-11-22,Malang,22.426,31.276001,26.253084,2.6999998,76.83889,5.473085,11.264226,Berawan
2023-11-23,Malang,22.976,30.676,26.405167,0.0,73.51893,4.799962,7.738029,Cerah
2023-11-24,Malang,23.326,30.526001,25.398918,6.2999997,81.35539,3.9374158,8.64387,Hujan
2023-11-25,Malang,22.576,30.876001,25.459335,0.5,77.516495,4.6129084,9.844071,Berawan
2023-11-26,Malang,22.126001,29.926,25.292665,4.9999995,79.99032,6.4682345,11.059288,Berawan
2023-11-27,Malang,22.026001,30.676,24.988503,4.7,80.77294,5.1182165,11.228982,Berawan
2023-11-28,Malang,21.976,29.126001,24.163504,13.700001,85.200035,3.8871667,7.2621546,Hujan
2023-11-29,Malang,21.726,28.676,24.432253,10.1,85.04197,4.4095936,9.720147,Hujan
2023-11-30,Malang,21.526001,29.376001,24.85517,5.4,85.15576,4.0935407,9.217905,Hujan
2023-12-01,Malang,22.576,26.726,23.863503,14.300002,91.86713,4.4483223,3.4374554,Hujan
2023-12-02,Malang,22.576,27.026001,23.686415,10.200001,91.27356,3.413064,2.55287,Hujan
2023-12-03,Malang,22.326,28.176,24.217667,3.7999995,86.84394,3.6607933,7.2383676,Berawan
2023-12-04,Malang,22.026001,27.476,24.3135,1.1000001,86.49967,3.8942125,6.9324455,Berawan
2023-12-05,Malang,22.176,27.676,24.60517,11.200001,85.88686,5.0339355,9.894926,Hujan
2023-12-06,Malang,22.176,29.676,25.305168,0.8000001,82.93795,5.138666,11.739541,Berawan
2023-12-07,Malang,22.326,29.626001,24.859335,6.5000005,84.024734,4.936391,10.87799,Hujan
2023-12-08,Malang,21.976,28.476,24.505167,13.1,88.35675,4.108511,9.220976,Hujan
2023-12-09,Malang,22.676,28.426,24.478083,9.600001,88.3661,3.962417,6.3028455,Hujan
2023-12-10,Malang,22.376001,28.326,24.203085,12.699999,88.05816,4.8434443,6.0,Hujan
2023-12-11,Malang,21.676,28.826,24.828085,0.2,79.86694,6.968358,11.39969,Berawan
2023-12-12,Malang,20.676,29.926,24.405169,2.6999998,83.65216,5.413951,11.689762,Berawan
2023-12-13,Malang,21.426,29.826,24.232252,42.8,89.94116,3.7433763,9.812311,Hujan
2023-12-14,Malang,21.576,26.676,23.676,38.499992,92.301445,3.8025227,5.4270015,Hujan
2023-12-15,Malang,22.426,26.426,23.917665,15.499999,92.84278,5.2813807,5.4607263,Hujan
2023-12-16,Malang,22.076,28.726,24.678085,2.3999999,87.58369,6.3242245,11.082587,Berawan
2023-12-17,Malang,21.826,28.826,24.478083,1.7000002,84.555885,6.439186,9.769042,Berawan
2023-12-18,Malang,20.626001,29.526001,24.309334,0.6,80.776924,7.109605,11.560443,Berawan
2023-12-19,Malang,20.126001,28.626001,23.667665,0.1,76.595726,6.4495587,12.46773,Berawan
2023-12-20,Malang,19.326,29.226,23.715584,0.2,73.28747,6.643712,12.46816,Berawan
2023-12-21,Malang,19.776001,29.176,24.463503,0.4,74.97927,5.020876,11.690217,Berawan
2023-12-22,Malang,21.126001,29.876001,24.421835,4.2999997,81.66647,5.648733,10.066139,Berawan
2023-12-23,Malang,21.126001,30.176,25.244751,0.0,76.07496,5.6814923,12.178041,Cerah
2023-12-24,Malang,20.926,30.426,25.313501,0.0,76.74954,4.6212225,12.026073,Cerah
2023-12-25,Malang,22.476,28.226,24.513502,10.0,82.29344,3.6550915,7.820688,Hujan
2023-12-26,Malang,22.226,28.876001,24.57392,11.300001,83.34539,3.865684,7.1793184,Hujan
2023-12-27,Malang,22.226,27.276001,24.211418,11.100001,88.24796,3.2734227,6.9573226,Hujan
2023-12-28,Malang,22.376001,28.476,24.413498,2.0,89.05732,3.0947888,6.4108768,Berawan
2023-12-29,Malang,21.726,28.376001,24.717669,1.8000001,86.43986,4.27648,10.724465,Berawan
2023-12-30,Malang,22.526001,28.876001,24.655169,5.9,88.68392,4.119247,7.5571384,Hujan
2023-12-31,Malang,22.526001,29.126001,24.826002,5.8,86.65631,4.4751487,9.79993,Hujan
2024-01-01,Malang,22.726,28.426,25.06975,1.5000001,85.83139,3.4837396,7.1945915,Berawan
2024-01-02,Malang,22.626001,29.226,25.267664,1.2,84.83558,3.786428,10.887072,Berawan
2024-01-03,Malang,22.276001,28.826,25.242668,2.1999998,83.01124,4.6065707,9.200655,Berawan
2024-01-04,Malang,22.226,28.426,25.005163,6.4999995,86.593956,3.999816,10.369169,Hujan
2024-01-05,Malang,22.426,28.876001,24.405169,9.800002,90.35376,3.2683804,8.53592,Hujan
2024-01-06,Malang,22.076,27.676,24.265585,4.8,89.08546,2.8085952,7.092448,Berawan
2024-01-07,Malang,22.376001,28.026001,24.382248,2.6,86.71115,3.422668,6.9752636,Berawan
2024-01-08,Malang,21.976,28.276001,24.578085,2.7999997,85.14404,3.0987685,9.238903,Berawan
2024-01-09,Malang,22.376001,29.126001,24.6635,3.4999998,87.658485,3.303253,7.665455,Berawan
2024-01-10,Malang,22.226,29.276001,24.994751,2.0000002,86.11236,3.378597,6.911949,Berawan
2024-01-11,Malang,22.426,30.376001,25.376001,2.3,84.96066,5.251515,10.691215,Berawan
2024-01-12,Malang,20.126001,29.126001,24.340584,0.0,79.350105,7.0193276,11.601319,Cerah
2024-01-13,Malang,20.726,28.426,24.396833,0.0,80.52539,7.520174,11.601648,Cerah
2024-01-14,Malang,19.976,29.076,24.600998,0.0,82.15977,5.777609,10.085283,Cerah
2024-01-15,Malang,21.376001,29.626001,24.780167,2.1,84.422386,3.882555,8.854194,Berawan
2024-01-16,Malang,22.176,30.126001,24.896835,2.8999996,87.4887,3.750769,10.4373455,Berawan
2024-01-17,Malang,22.176,28.326,24.467667,48.399998,87.79017,3.2971976,8.164392,Hujan
2024-01-18,Malang,22.276001,26.826,24.026003,9.500001,91.27906,5.8638406,7.773464,Hujan
2024-01-19,Malang,21.926,25.876001,23.34475,11.099999,92.65455,5.31609,5.25833,Hujan
2024-01-20,Malang,21.426,27.576,23.982248,8.2,88.23612,6.695741,10.731399,Hujan
2024-01-21,Malang,21.576,28.376001,24.080172,3.7,89.422615,5.202639,9.096651,Berawan
2024-01-22,Malang,21.126001,28.376001,24.221834,6.499999,88.42832,4.2183776,10.18163,Hujan
2024-01-23,Malang,22.126001,28.276001,24.66142,3.4,87.73458,5.822309,9.833158,Berawan
2024-01-24,Malang,20.926,29.276001,24.41767,6.8999996,86.97578,3.6176584,10.742406,Hujan
2024-01-25,Malang,21.526001,29.126001,24.432251,18.2,86.61709,3.075006,9.511383,Hujan
2024-01-26,Malang,21.676,27.976,24.030167,62.799995,88.9187,3.6379924,8.968335,Hujan
2024-01-27,Malang,21.476,27.926,24.048918,46.299995,90.51505,4.1230454,10.731573,Hujan
2024-01-28,Malang,21.776001,26.726,23.640585,64.0,93.653786,3.3723564,8.436706,Hujan
2024-01-29,Malang,21.976,27.726,23.938501,64.399994,89.04838,4.0349517,5.0198174,Hujan
2024-01-30,Malang,21.576,28.376001,24.061419,34.2,86.03829,3.3272824,7.1486464,Hujan
2024-01-31,Malang,21.376001,28.376001,24.353083,18.600002,85.494484,4.120356,8.586978,Hujan
2024-02-01,Malang,22.126001,28.976,24.63017,11.6,85.15577,2.937046,9.692241,Hujan
2024-02-02,Malang,22.576,28.326,24.532251,13.7,87.191284,3.4963098,6.8741755,Hujan
2024-02-03,Malang,22.226,25.276001,23.255167,62.8,96.8149,3.1953735,3.7867966,Hujan
2024-02-04,Malang,21.526001,27.426,23.898918,6.5999994,91.209175,4.093486,8.720401,Hujan
2024-02-05,Malang,20.776001,27.976,24.055166,15.000001,90.33566,3.5311227,7.763903,Hujan
2024-02-06,Malang,21.276001,28.226,23.905169,31.700003,91.058876,2.9832368,5.112457,Hujan
2024-02-07,Malang,21.876001,28.276001,24.398916,4.1000004,86.54403,3.3847158,10.033469,Berawan
2024-02-08,Malang,21.776001,27.876001,23.842665,4.1,89.757484,2.9822173,6.485878,Berawan
2024-02-09,Malang,21.376001,27.726,24.073921,15.299998,88.970345,2.8427896,8.313956,Hujan
2024-02-10,Malang,21.676,27.276001,24.138502,4.2,90.71359,3.006776,6.911737,Berawan
2024-02-11,Malang,21.976,27.726,24.113503,4.5,92.5665,3.90961,7.489859,Berawan
2024-02-12,Malang,21.276001,29.026001,24.41767,2.3999999,86.69531,3.721246,9.237635,Berawan
2024-02-13,Malang,22.476,28.526001,24.871834,6.6999993,87.500175,2.6112015,9.0,Hujan
2024-02-14,Malang,22.976,28.226,24.88642,3.0,89.023674,3.1752958,10.499566,Berawan
2024-02-15,Malang,22.326,28.826,24.8635,1.9000001,87.374115,3.465555,10.590536,Berawan
2024-02-16,Malang,22.076,29.326,25.121836,1.0,87.16682,4.7866354,11.039361,Berawan
2024-02-17,Malang,22.526001,28.076,24.436417,4.6,87.3479,3.2658634,9.182646,Berawan
2024-02-18,Malang,22.176,27.976,24.242668,8.799999,87.859535,2.921945,6.35807,Hujan
2024-02-19,Malang,21.276001,29.026001,24.763502,16.2,85.67602,3.4466438,9.165603,Hujan
2024-02-20,Malang,22.276001,29.526001,25.267664,7.2,87.03918,2.9512718,10.248411,Hujan
2024-02-21,Malang,22.126001,29.376001,25.05517,3.2,88.94227,3.8799174,10.82734,Berawan
2024-02-22,Malang,21.676,30.076,25.484335,0.70000005,85.30755,3.1163669,11.646301,Berawan
2024-02-23,Malang,23.076,28.476,24.884336,38.2,88.5622,3.8588476,10.0,Hujan
2024-02-24,Malang,22.726,28.626001,24.528084,27.0,89.17365,2.6902564,5.3876877,Hujan
2024-02-25,Malang,22.126001,28.226,24.598915,21.199999,86.66505,3.2533548,8.660803,Hujan
2024-02-26,Malang,22.376001,28.026001,24.463503,13.5,86.74131,3.3815491,8.936786,Hujan
2024-02-27,Malang,22.826,27.876001,24.426,6.7999997,87.02949,3.4272714,5.2513885,Hujan
2024-02-28,Malang,22.576,27.576,24.613503,13.2,88.8503,3.200724,9.830147,Hujan
2024-02-29,Malang,22.176,28.676,25.019747,9.5,85.21091,3.543646,10.04485,Hujan
2024-03-01,Malang,22.526001,28.176,24.421835,79.59999,89.15345,3.497475,7.03176,Hujan
2024-03-02,Malang,22.276001,27.176,24.338501,51.0,90.130455,2.981837,7.6952806,Hujan
2024-03-03,Malang,22.426,27.776001,24.692667,58.299995,87.90011,2.7491786,10.079097,Hujan
2024-03-04,Malang,22.576,26.926,24.419748,36.6,91.44982,3.1232355,6.671455,Hujan
2024-03-05,Malang,22.676,27.876001,24.782251,48.300003,90.79937,2.947662,6.0,Hujan
2024-03-06,Malang,22.776001,28.576,25.073914,39.5,89.44463,3.061892,8.86259,Hujan
2024-03-07,Malang,22.726,27.976,24.682253,18.800001,91.561455,3.1995225,4.3992777,Hujan
2024-03-08,Malang,22.476,28.026001,24.615583,64.399994,89.788445,3.589993,6.0,Hujan
2024-03-09,Malang,22.526001,26.476,24.353086,29.5,91.72659,2.230225,1.2473792,Hujan
2024-03-10,Malang,22.476,27.926,24.484331,14.6,89.55128,2.3762634,3.432448,Hujan
2024-03-11,Malang,22.876001,28.426,25.001001,3.1999998,86.05195,2.7522511,5.339737,Berawan
2024-03-12,Malang,23.226,28.976,25.598917,1.6,84.22,4.200859,7.6952667,Berawan
2024-03-13,Malang,23.376001,28.326,25.284332,2.4000003,84.96758,5.449627,6.4725976,Berawan
2024-03-14,Malang,23.226,27.776001,24.919748,12.400002,91.97198,3.742215,3.6399689,Hujan
2024-03-15,Malang,22.626001,27.726,24.715584,26.0,91.80087,2.793115,7.868071,Hujan
2024-03-16,Malang,22.076,29.976,25.190588,1.4000001,84.81285,4.7613134,11.0,Berawan
2024-03-17,Malang,22.426,28.426,24.488503,11.000001,89.34373,3.364734,10.795094,Hujan
2024-03-18,Malang,21.076,29.326,24.873917,1.4000001,83.804436,3.094453,11.424334,Berawan
2024-03-19,Malang,21.126001,30.276001,25.065584,0.70000005,84.911766,4.5707994,11.626159,Berawan
2024-03-20,Malang,20.626001,28.876001,24.651001,5.0,81.91438,3.792067,11.403055,Berawan
2024-03-21,Malang,21.526001,27.476,24.096834,17.200003,86.81946,3.4281065,10.141969,Hujan
2024-03-22,Malang,21.876001,28.526001,24.255165,4.8999996,87.108315,3.7060008,9.875399,Berawan
2024-03-23,Malang,21.176,28.826,24.817663,0.4,82.103065,4.7661276,10.712413,Berawan
2024-03-24,Malang,21.726,28.676,24.494751,1.7,85.88389,3.9450939,10.560138,Berawan
2024-03-25,Malang,22.126001,28.126001,24.676004,6.1,82.94278,3.5991476,11.0,Hujan
2024-03-26,Malang,22.376001,28.376001,24.651001,25.900003,87.8027,3.2723293,10.227688,Hujan
2024-03-27,Malang,22.676,27.826,24.428083,42.600002,86.7901,4.455881,8.061486,Hujan
2024-03-28,Malang,21.926,27.526001,24.159334,47.199997,89.13595,3.969643,7.283597,Hujan
2024-03-29,Malang,21.776001,27.326,24.498919,7.9000006,89.53304,3.0987973,10.871558,Hujan
2024-03-30,Malang,22.776001,28.726,25.267668,1.8000002,86.6608,3.775295,11.059555,Berawan
2024-03-31,Malang,23.226,28.376001,25.12184,6.9999995,87.58892,6.3868446,10.272121,Hujan
2024-04-01,Malang,22.876001,27.526001,24.303085,13.1,91.2395,3.5194116,8.231375,Hujan
2024-04-02,Malang,22.676,27.626001,24.394753,2.1,91.08163,3.2693038,8.643272,Berawan
2024-04-03,Malang,22.826,28.426,25.278084,0.5,87.793884,3.8256037,10.303235,Berawan
2024-04-04,Malang,23.226,29.326,25.357248,0.8000001,87.132576,4.7347827,10.0,Berawan
2024-04-05,Malang,22.176,29.276001,25.298914,0.4,84.82351,4.3629255,10.508516,Berawan
2024-04-06,Malang,20.426,29.776001,24.94475,0.3,83.407776,4.913936,11.024942,Berawan
2024-04-07,Malang,21.626001,28.126001,24.280167,35.699997,89.23514,2.9301453,9.145494,Hujan
2024-04-08,Malang,22.076,27.426,24.419748,38.899998,91.76059,3.252256,4.094633,Hujan
2024-04-09,Malang,22.476,27.876001,24.446833,43.199997,90.708496,3.0510988,6.6408134,Hujan
2024-04-10,Malang,22.526001,27.276001,24.115583,46.399994,93.288475,2.6766777,6.4067464,Hujan
2024-04-11,Malang,22.476,27.126001,24.088501,16.699999,91.618904,2.7612593,4.0490646,Hujan
2024-04-12,Malang,21.926,28.576,24.803083,1.6000001,86.01111,3.4731076,9.462819,Berawan
2024-04-13,Malang,22.576,28.526001,24.76975,2.7,86.83489,3.9198651,11.0,Berawan
2024-04-14,Malang,22.476,28.276001,24.7885,1.8000002,86.39126,2.8693268,10.199685,Berawan
2024-04-15,Malang,22.176,28.376001,25.1135,1.8000001,87.10905,4.1293235,11.0,Berawan
2024-04-16,Malang,22.376001,28.026001,24.713503,0.2,85.71702,3.6129549,11.122151,Berawan
2024-04-17,Malang,22.376001,26.526001,23.98642,1.4000001,91.07658,4.9021907,5.336272,Berawan
2024-04-18,Malang,21.776001,27.226,24.086418,1.5,89.891235,3.6313431,9.271458,Berawan
2024-04-19,Malang,21.626001,26.976,24.109335,3.7,93.259346,3.4588718,10.036661,Berawan
2024-04-20,Malang,21.826,28.426,24.89475,0.1,86.26572,2.6143074,11.055724,Berawan
2024-04-21,Malang,23.126001,27.326,24.651003,6.7,87.88126,3.1562576,8.03968,Hujan
2024-04-22,Malang,22.826,27.376001,24.64683,1.6000001,91.16653,3.1815255,8.34405,Berawan
2024-04-23,Malang,22.976,27.526001,24.567667,41.100002,90.96412,3.3025355,6.410576,Hujan
2024-04-24,Malang,22.176,27.826,24.503077,39.999996,91.71868,2.8674126,6.828768,Hujan
2024-04-25,Malang,22.126001,26.076,24.151003,9.799999,91.707375,3.7735913,1.6951103,Hujan
2024-04-26,Malang,21.576,28.326,24.855164,3.3,88.39236,3.7051146,10.128537,Berawan
2024-04-27,Malang,21.626001,29.026001,24.9885,0.5,82.72006,4.63333,11.0,Berawan
2024-04-28,Malang,22.126001,27.976,24.88017,0.70000005,85.27328,3.6333098,10.718626,Berawan
2024-04-29,Malang,22.126001,28.426,24.944754,0.0,86.979744,3.5895362,11.060914,Cerah
2024-04-30,Malang,22.526001,28.276001,24.721832,0.5,89.85636,5.23189,10.971396,Berawan
2024-05-01,Malang,22.426,28.476,24.955168,0.70000005,89.60238,4.9922614,10.982869,Berawan
2024-05-02,Malang,22.876001,27.276001,24.613503,3.3,89.71897,6.148493,11.0,Berawan
2024-05-03,Malang,21.026001,28.226,24.561417,0.8,88.433136,5.6163416,11.0,Berawan
2024-05-04,Malang,21.826,27.526001,23.913504,0.2,85.77607,8.2226095,10.184616,Berawan
2024-05-05,Malang,20.126001,27.826,23.401,0.0,78.0487,5.9507003,11.133986,Cerah
2024-05-06,Malang,21.076,27.426,23.840586,0.0,78.446465,5.874582,11.135249,Cerah
2024-05-07,Malang,20.326,28.176,23.819748,4.7999997,87.848595,5.5243173,10.916838,Berawan
2024-05-08,Malang,21.126001,28.126001,24.040586,7.0999994,88.88916,3.2002573,10.660022,Hujan
2024-05-09,Malang,21.476,27.176,23.992666,4.4999995,86.6659,3.4331033,10.034293,Berawan
2024-05-10,Malang,21.326,29.376001,24.909332,0.2,82.78121,4.021502,11.073157,Berawan
2024-05-11,Malang,21.776001,27.926,24.355165,0.6,87.26465,3.375065,11.0,Berawan
2024-05-12,Malang,21.876001,28.926,24.807251,0.6,82.37525,3.9454072,11.076092,Berawan
2024-05-13,Malang,20.726,28.226,24.334333,4.3,81.60864,3.6553233,11.077645,Berawan
2024-05-14,Malang,21.026001,29.376001,24.623919,0.0,81.16741,3.7004292,11.011187,Cerah
2024-05-15,Malang,20.776001,27.676,23.838501,0.7,86.31985,3.9966574,11.0,Berawan
2024-05-16,Malang,20.926,28.376001,24.205164,0.0,84.9671,4.983488,11.0,Cerah
2024-05-17,Malang,20.876001,28.576,24.4385,0.2,85.617035,4.6416016,11.084616,Berawan
2024-05-18,Malang,22.176,28.526001,24.619751,0.0,84.61834,5.2775397,11.0,Cerah
2024-05-19,Malang,20.476,28.326,24.186417,0.0,83.119804,6.7808967,11.0,Cerah
2024-05-20,Malang,20.176,27.526001,24.034334,0.5,85.41818,5.2641425,11.0,Berawan
2024-05-21,Malang,20.826,28.026001,23.996832,0.0,84.25001,4.5104294,11.023729,Cerah
2024-05-22,Malang,21.126001,28.376001,24.294748,1.0,82.637405,3.4336474,11.0,Berawan
2024-05-23,Malang,21.576,28.326,24.00725,7.9999995,86.46265,3.0617757,8.234506,Hujan
2024-05-24,Malang,21.326,28.626001,24.567667,5.7000003,85.10364,3.912062,8.258348,Hujan
2024-05-25,Malang,22.476,27.676,24.428085,7.3,87.27734,3.8941739,9.5414505,Hujan
2024-05-26,Malang,21.676,27.676,24.382248,2.3,87.95505,4.97267,11.0,Berawan
2024-05-27,Malang,21.326,28.526001,24.551003,1.4000001,86.69241,3.9589813,11.0,Berawan
2024-05-28,Malang,21.176,29.026001,24.6635,0.70000005,81.72814,3.3610084,11.0,Berawan
2024-05-29,Malang,21.476,29.126001,24.86975,0.4,78.24397,4.1981273,11.040152,Berawan
2024-05-30,Malang,21.426,28.776001,24.340584,0.6,85.61456,4.8345795,11.0,Berawan
2024-05-31,Malang,21.326,28.176,24.398918,0.8,88.74885,4.6557894,9.804525,Berawan
2024-06-01,Malang,21.926,28.676,24.953081,0.4,83.21451,3.753434,11.0,Berawan
2024-06-02,Malang,21.976,27.926,24.494751,0.70000005,85.9175,3.5988367,10.930225,Berawan
2024-06-03,Malang,22.526001,28.026001,24.751001,1.5,84.33253,8.699381,11.0,Berawan
2024-06-04,Malang,21.326,28.276001,24.498917,0.0,78.62783,4.465337,11.0,Cerah
2024-06-05,Malang,21.576,28.676,24.298918,1.4000001,82.735085,7.3096356,11.0,Berawan
2024-06-06,Malang,20.626001,28.926,24.271833,0.0,75.6843,3.8993757,11.0,Cerah
2024-06-07,Malang,20.126001,28.176,23.648918,1.0000001,84.69183,3.9577796,10.540266,Berawan
2024-06-08,Malang,21.326,28.526001,24.434334,2.7,85.89771,4.4935594,10.520943,Berawan
2024-06-09,Malang,21.526001,27.576,23.919752,4.2,88.17243,3.6981847,9.180774,Berawan
2024-06-10,Malang,21.426,28.626001,24.515585,0.0,85.27918,3.7476892,10.954136,Cerah
2024-06-11,Malang,21.626001,27.976,24.338503,0.3,84.93616,4.5591207,11.0,Berawan
2024-06-12,Malang,21.926,28.676,24.263498,1.8,85.41793,5.463896,11.0,Berawan
2024-06-13,Malang,21.326,27.276001,23.503082,31.900002,90.68052,3.0456536,8.768223,Hujan
2024-06-14,Malang,21.726,27.476,23.898918,8.500001,87.09144,3.0065315,9.770618,Hujan
2024-06-15,Malang,20.776001,28.076,23.73017,6.6999993,87.22811,4.2244043,11.0,Hujan
2024-06-16,Malang,19.776001,27.626001,23.580168,0.0,82.188545,3.9776223,11.0,Cerah
2024-06-17,Malang,21.176,28.126001,24.292665,0.0,80.57609,4.236864,11.0,Cerah
2024-06-18,Malang,19.626001,27.126001,23.196833,0.0,77.421555,4.4231324,11.0,Cerah
2024-06-19,Malang,19.476,26.326,22.748919,0.0,80.45158,4.9593067,11.0,Cerah
2024-06-20,Malang,19.876001,27.076,23.086416,0.0,77.26127,4.583822,11.0,Cerah
2024-06-21,Malang,19.526001,26.776001,22.717669,0.0,82.60581,5.394591,11.0,Cerah
2024-06-22,Malang,19.526001,27.076,22.744751,0.0,83.82976,6.3781347,11.0,Cerah
2024-06-23,Malang,20.326,26.576,23.101,0.6,86.868286,7.009438,10.674562,Berawan
2024-06-24,Malang,22.026001,26.126001,23.490585,1.0,87.01177,7.152549,10.0,Berawan
2024-06-25,Malang,20.376001,27.176,23.49475,1.9000001,86.77575,4.3947434,11.0,Berawan
2024-06-26,Malang,21.176,28.376001,24.171835,0.2,85.306175,3.7024174,11.0,Berawan
2024-06-27,Malang,21.326,29.026001,24.571833,0.1,80.56757,3.708644,10.705118,Berawan
2024-06-28,Malang,20.876001,28.476,24.401001,0.3,84.59888,3.458335,11.0,Berawan
2024-06-29,Malang,22.276001,28.126001,24.59684,0.2,80.90139,5.7526317,10.687438,Berawan
2024-06-30,Malang,22.226,28.676,24.544752,0.0,80.05845,7.654985,11.0,Cerah
2024-07-01,Malang,21.426,28.026001,24.103083,0.1,80.58031,4.635652,11.0,Berawan
2024-07-02,Malang,21.476,25.876001,23.219751,1.3000001,90.35461,4.509225,8.442362,Berawan
2024-07-03,Malang,22.126001,27.476,24.030169,0.2,80.840675,4.3399396,8.6088505,Berawan
2024-07-04,Malang,21.876001,25.326,23.02392,10.800001,90.35404,3.659602,5.31562,Hujan
2024-07-05,Malang,20.626001,27.176,23.236414,0.0,85.19442,4.813053,11.0,Cerah
2024-07-06,Malang,19.976,27.626001,23.434334,0.1,81.02349,4.159814,11.0,Berawan
2024-07-07,Malang,20.226,27.926,23.65725,0.2,82.65151,3.213129,11.0,Berawan
2024-07-08,Malang,20.176,27.326,23.32183,0.0,79.80122,4.316881,11.0,Cerah
2024-07-09,Malang,19.476,28.526001,23.686419,0.0,79.10016,4.2252502,11.02748,Cerah
2024-07-10,Malang,19.576,27.776001,23.43225,0.0,78.19242,7.387764,11.0,Cerah
2024-07-11,Malang,19.926,26.176,22.817667,0.0,76.017166,9.98375,11.0,Cerah
2024-07-12,Malang,18.026001,26.576,22.167665,0.0,76.70702,8.199179,11.0217905,Cerah
2024-07-13,Malang,18.676,25.976,21.63017,0.2,80.76534,8.631284,11.0,Berawan
2024-07-14,Malang,17.376001,26.376001,21.561417,0.0,77.09345,7.2461286,11.018037,Cerah
2024-07-15,Malang,17.226,25.576,21.461418,0.1,80.5588,8.64699,11.0,Berawan
2024-07-16,Malang,19.126001,26.776001,22.696833,0.0,82.59462,5.942632,11.0,Cerah
2024-07-17,Malang,16.776001,27.626001,22.1635,0.0,77.23147,4.9043107,11.081643,Cerah
2024-07-18,Malang,18.276001,27.976,22.684336,0.0,74.76839,4.8359494,11.010646,Cerah
2024-07-19,Malang,18.676,28.376001,22.876001,0.0,76.25501,8.261644,11.0,Cerah
2024-07-20,Malang,18.476,27.376001,22.623919,0.0,80.24547,6.55953,11.0,Cerah
2024-07-21,Malang,19.776001,26.776001,22.626001,0.0,79.978065,6.9789767,11.074184,Cerah
2024-07-22,Malang,17.926,27.076,22.317665,0.0,81.71192,6.567675,11.0,Cerah
2024-07-23,Malang,19.576,28.276001,23.315584,1.3000001,81.57025,5.9407573,11.002025,Berawan
2024-07-24,Malang,20.376001,28.376001,23.757254,0.0,76.346115,6.073359,11.0,Cerah
2024-07-25,Malang,19.426,29.176,23.594751,0.0,71.51971,6.1244216,10.653852,Cerah
2024-07-26,Malang,19.226,28.226,23.20725,0.0,77.08496,6.165122,11.065786,Cerah
2024-07-27,Malang,19.426,29.026001,23.303085,0.70000005,81.41037,6.9787507,11.0,Berawan
2024-07-28,Malang,20.476,27.476,22.928085,0.1,85.07701,8.139472,10.197148,Berawan
2024-07-29,Malang,18.876001,27.826,22.81975,1.5000001,84.88828,6.6839237,11.0,Berawan
2024-07-30,Malang,21.076,27.576,23.530167,1.0,86.200615,6.5001965,10.0,Berawan
2024-07-31,Malang,19.976,27.676,23.482252,0.1,86.37296,4.119319,11.0,Berawan
2024-08-01,Malang,20.426,28.626001,23.707253,0.90000004,84.69647,3.4536328,10.856844,Berawan
2024-08-02,Malang,20.976,28.576,23.790583,1.8000001,85.824135,3.1599252,10.468386,Berawan
2024-08-03,Malang,21.176,29.076,24.221832,1.0,78.68031,5.5960145,11.055748,Berawan
2024-08-04,Malang,20.376001,27.976,23.41142,0.0,79.31637,7.606136,11.122274,Cerah
2024-08-05,Malang,19.326,29.176,23.607252,0.0,67.16785,5.8739257,11.1886635,Cerah
2024-08-06,Malang,18.876001,27.676,22.805168,0.0,79.7868,7.415675,11.0,Cerah
2024-08-07,Malang,20.876001,28.876001,24.057251,0.4,81.1754,7.1918507,11.0,Berawan
2024-08-08,Malang,21.176,27.626001,23.732248,0.2,82.81223,7.9327645,11.0,Berawan
2024-08-09,Malang,21.326,28.126001,23.846832,0.0,80.08818,8.22978,11.0,Cerah
2024-08-10,Malang,20.676,28.126001,23.521835,0.0,80.41478,7.456803,11.050338,Cerah
2024-08-11,Malang,17.626001,27.326,21.976004,0.0,73.350716,9.684948,11.116581,Cerah
2024-08-12,Malang,17.276001,27.076,21.717669,0.0,67.00738,6.542637,11.182689,Cerah
2024-08-13,Malang,17.826,28.026001,22.490583,0.0,75.32109,8.132503,11.0,Cerah
2024-08-14,Malang,19.676,29.376001,23.546835,0.0,73.83102,8.323253,11.0,Cerah
2024-08-15,Malang,19.026001,27.476,22.638504,0.0,75.49784,9.931314,11.048232,Cerah
2024-08-16,Malang,18.476,27.476,22.06975,0.0,76.52334,6.6184864,11.11428,Cerah
2024-08-17,Malang,17.826,27.476,22.403086,0.0,80.23968,5.7875905,11.047779,Cerah
2024-08-18,Malang,18.726,28.576,23.111418,0.0,77.14319,7.7788744,11.0,Cerah
2024-08-19,Malang,19.026001,28.376001,22.88225,0.0,78.57647,7.1728477,11.047538,Cerah
2024-08-20,Malang,19.176,28.826,22.892668,0.0,79.629196,6.062699,10.422617,Cerah
2024-08-21,Malang,19.926,28.426,23.371834,0.0,81.90775,5.888258,11.0,Cerah
2024-08-22,Malang,19.576,29.526001,23.530167,0.0,76.653114,5.875845,10.575386,Cerah
2024-08-23,Malang,19.876001,28.626001,23.151003,0.0,78.98592,7.0138297,11.0,Cerah
2024-08-24,Malang,21.026001,27.476,23.29267,0.0,76.96856,10.435264,10.608296,Cerah
2024-08-25,Malang,19.726,28.576,23.33225,2.6,79.11851,8.165154,10.658541,Berawan
2024-08-26,Malang,20.676,29.026001,24.053083,0.0,75.99209,8.139154,11.048908,Cerah
2024-08-27,Malang,20.476,28.526001,23.6135,0.0,70.63801,9.617022,11.0,Cerah
2024-08-28,Malang,19.576,30.426,23.934332,0.0,69.96096,7.1667523,11.113816,Cerah
2024-08-29,Malang,19.676,29.526001,23.505167,0.0,74.94152,9.401484,11.050497,Cerah
2024-08-30,Malang,19.726,29.926,23.903084,0.0,65.6329,7.621601,11.1710415,Cerah
2024-08-31,Malang,20.076,29.026001,23.340584,0.0,77.82171,8.063035,10.646733,Cerah
2024-09-01,Malang,20.176,29.176,23.415586,0.70000005,81.57282,7.5181227,9.0,Berawan
2024-09-02,Malang,20.176,29.576,23.865583,0.0,79.48116,6.7990456,11.11821,Cerah
2024-09-03,Malang,19.126001,28.926,23.628082,0.2,77.58927,7.508337,10.690736,Berawan
2024-09-04,Malang,20.476,29.726,24.353083,0.5,78.08528,6.2345076,11.0,Berawan
2024-09-05,Malang,21.976,29.576,24.715584,0.6,78.71254,7.1468515,10.98318,Berawan
2024-09-06,Malang,21.576,30.126001,24.934334,0.0,72.12569,7.7997737,11.207881,Cerah
2024-09-07,Malang,20.376001,29.276001,24.819754,0.0,74.067696,8.21349,11.081943,Cerah
2024-09-08,Malang,21.176,29.826,24.723917,1.4000001,80.276726,6.208003,10.711519,Berawan
2024-09-09,Malang,20.276001,29.776001,24.330164,2.7999997,77.52636,3.9155946,10.478538,Berawan
2024-09-10,Malang,20.876001,29.026001,23.671835,3.5999997,86.3316,3.8882763,9.517846,Berawan
2024-09-11,Malang,21.326,29.576,24.328085,0.2,80.20639,6.8927555,11.0,Berawan
2024-09-12,Malang,20.326,29.126001,24.113503,0.0,75.418434,8.179334,11.187406,Cerah
2024-09-13,Malang,20.076,29.926,24.178083,0.0,69.372,9.594367,11.376145,Cerah
2024-09-14,Malang,19.426,30.076,24.317665,0.2,67.98358,7.7143383,11.434863,Berawan
2024-09-15,Malang,18.976,30.126001,24.17392,0.0,63.58386,9.4736805,11.366496,Cerah
2024-09-16,Malang,19.376001,28.826,23.588501,1.3000001,71.918724,7.130837,11.36253,Berawan
2024-09-17,Malang,19.526001,29.776001,23.869751,0.0,60.217403,7.970653,11.294198,Cerah
2024-09-18,Malang,19.026001,30.076,23.626001,0.0,68.33012,7.28257,11.35091,Cerah
2024-09-19,Malang,18.526001,31.876001,24.103083,1.1,71.2964,7.0400214,11.544449,Berawan
2024-09-20,Malang,19.526001,32.326,25.0385,0.0,71.67689,5.542213,11.347333,Cerah
2024-09-21,Malang,19.676,31.426,25.01975,0.1,74.21267,4.8570848,11.464873,Berawan
2024-09-22,Malang,21.126001,31.926,26.061419,2.1999998,69.33985,4.734517,11.073411,Berawan
2024-09-23,Malang,22.176,29.526001,25.32392,9.799999,79.12828,3.6074376,11.519621,Hujan
2024-09-24,Malang,21.776001,29.476,24.503084,7.2999997,83.106926,4.308607,9.501376,Hujan
2024-09-25,Malang,21.776001,29.676,24.763502,3.2999997,81.08703,3.448272,8.910913,Berawan
2024-09-26,Malang,21.726,29.726,24.742668,0.8000001,79.92522,3.261487,8.755697,Berawan
2024-09-27,Malang,21.626001,29.876001,25.05517,0.8000001,78.57288,3.885873,11.565763,Berawan
2024-09-28,Malang,21.176,31.176,25.56975,0.0,73.103134,4.650479,11.6259575,Cerah
2024-09-29,Malang,21.876001,30.926,25.680168,0.8,75.71429,6.2501884,11.04132,Berawan
2024-09-30,Malang,21.326,30.976,25.75517,0.3,72.80639,5.8564315,11.700106,Berawan
2024-10-01,Malang,21.326,30.076,24.784332,1.9000001,77.62548,5.6730084,11.1577215,Berawan
2024-10-02,Malang,21.076,29.776001,24.93225,1.4000001,77.08733,4.9601936,11.717692,Berawan
2024-10-03,Malang,20.676,30.476,24.928085,0.0,67.93528,6.365535,11.476578,Cerah
2024-10-04,Malang,21.326,30.376001,25.203081,0.90000004,76.673,6.1701107,11.47367,Berawan
2024-10-05,Malang,21.926,30.526001,25.690588,0.0,73.57867,6.389968,11.533392,Cerah
2024-10-06,Malang,21.976,31.226,25.76767,0.1,74.816986,6.1299467,11.752678,Berawan
2024-10-07,Malang,22.026001,30.576,25.371834,2.4,76.11254,8.698553,11.461135,Berawan
2024-10-08,Malang,22.326,30.126001,25.609335,0.70000005,75.464,8.063914,11.651855,Berawan
2024-10-09,Malang,21.376001,30.926,25.348917,0.0,75.20722,7.212034,11.7781925,Cerah
2024-10-10,Malang,21.626001,32.526,26.098915,0.3,71.045586,5.751477,11.645093,Berawan
2024-10-11,Malang,22.076,31.276001,26.348917,0.2,68.80674,4.7150774,11.79459,Berawan
2024-10-12,Malang,22.776001,33.826,27.34475,0.1,64.78026,6.4074545,11.80255,Berawan
2024-10-13,Malang,22.726,31.976,26.415588,2.4,72.916725,5.8733273,11.765962,Berawan
2024-10-14,Malang,22.876001,32.725998,26.330164,0.3,70.98923,8.143515,11.0,Berawan
2024-10-15,Malang,22.226,31.276001,25.973917,0.0,55.828617,10.262074,11.239231,Cerah
2024-10-16,Malang,20.126001,30.076,24.657251,0.2,56.551,10.15859,11.832393,Berawan
2024-10-17,Malang,21.376001,29.976,24.759336,0.0,65.14486,8.902779,11.634662,Cerah
2024-10-18,Malang,20.026001,31.026001,24.284338,6.7,76.38614,6.8671618,10.836541,Hujan
2024-10-19,Malang,21.126001,29.826,24.9635,2.0,80.875725,5.2136617,11.621262,Berawan
2024-10-20,Malang,21.826,29.676,24.357252,4.1,80.63027,4.074813,10.75793,Berawan
2024-10-21,Malang,22.076,27.526001,24.05725,22.600002,85.904785,4.7790823,10.917872,Hujan
2024-10-22,Malang,21.376001,29.076,24.388498,3.3999999,82.18772,7.1804676,11.813003,Berawan
2024-10-23,Malang,21.976,28.326,24.438501,1.3000001,81.95688,8.23804,10.818118,Berawan
2024-10-24,Malang,22.076,28.476,24.255167,1.4000001,82.75141,5.585173,11.217858,Berawan
2024-10-25,Malang,22.126001,27.926,24.3135,3.9999995,84.625694,6.4835114,11.094271,Berawan
2024-10-26,Malang,21.676,28.326,24.303087,3.3999999,83.88265,5.984418,10.246212,Berawan
2024-10-27,Malang,21.976,30.076,24.99267,0.8000001,81.11736,5.0333157,11.609339,Berawan
2024-10-28,Malang,21.776001,30.276001,25.092667,0.2,80.99629,5.6302476,11.343597,Berawan
2024-10-29,Malang,22.776001,30.626001,25.398918,0.3,80.50417,8.024957,10.123324,Berawan
2024-10-30,Malang,22.826,30.426,25.436417,1.0,78.646645,5.708205,11.673275,Berawan
2024-10-31,Malang,21.126001,29.926,25.190582,0.8,82.23903,4.2584586,11.347003,Berawan
2024-11-01,Malang,22.076,28.926,24.711416,2.4,84.5342,3.4484496,5.8916464,Berawan
2024-11-02,Malang,22.276001,29.126001,25.423918,1.5000001,77.93216,3.863785,11.87237,Berawan
2024-11-03,Malang,21.876001,29.526001,24.884333,1.0000001,79.56175,5.4225717,8.716049,Berawan
2024-11-04,Malang,21.726,28.776001,24.559334,1.2,82.215836,3.9365227,10.48347,Berawan
2024-11-05,Malang,21.426,30.026001,25.321836,0.0,73.37548,4.3062162,11.931229,Cerah
2024-11-06,Malang,21.026001,30.426,25.80725,0.0,64.36154,5.872135,11.933686,Cerah
2024-11-07,Malang,21.826,31.226,25.711416,0.0,66.52584,5.069954,11.93583,Cerah
2024-11-08,Malang,20.576,30.976,25.030165,1.9000001,73.66906,5.355046,10.937645,Berawan
2024-11-09,Malang,22.526001,29.226,25.023916,1.3000001,81.56174,3.5445342,9.208553,Berawan
2024-11-10,Malang,21.976,30.726,24.9135,2.2,83.4056,4.180937,10.171338,Berawan
2024-11-11,Malang,21.926,29.826,25.155169,2.3999996,78.69982,4.362543,10.941315,Berawan
2024-11-12,Malang,21.376001,30.626001,25.467667,2.1,79.23841,4.490274,11.151703,Berawan
2024-11-13,Malang,22.676,30.676,25.807253,2.1999998,75.26196,4.034172,11.942377,Berawan
2024-11-14,Malang,22.526001,31.326,26.26975,0.2,71.60667,4.855303,11.9425,Berawan
2024-11-15,Malang,22.826,34.025997,26.951002,0.1,68.764755,5.139878,11.942358,Berawan
2024-11-16,Malang,23.226,31.326,26.290583,1.3000001,73.440865,5.0054536,11.941948,Berawan
2024-11-17,Malang,22.626001,31.126001,25.838501,5.4,76.16764,4.992665,11.1200075,Hujan
2024-11-18,Malang,21.876001,30.926,25.492668,7.7,80.31143,4.565464,11.310792,Hujan
2024-11-19,Malang,22.476,29.826,24.884333,1.9000001,83.403046,4.0960827,8.03048,Berawan
2024-11-20,Malang,21.926,30.276001,25.09892,2.9999998,83.74799,3.3758566,10.780365,Berawan
2024-11-21,Malang,22.426,30.176,25.053085,5.0,84.043915,3.6449108,8.653032,Berawan
2024-11-22,Malang,22.626001,29.726,24.957254,1.6,81.727486,3.1412296,7.531242,Berawan
2024-11-23,Malang,22.376001,28.676,24.726,4.0,86.87191,3.6031735,8.838623,Berawan
2024-11-24,Malang,21.876001,28.426,24.213501,4.7999997,87.48362,3.2095404,7.4212513,Berawan
2024-11-25,Malang,21.626001,28.826,24.444748,3.1,88.25638,2.7324224,6.6840935,Berawan
2024-11-26,Malang,21.576,29.226,24.826002,11.000001,88.35464,3.366756,9.656565,Hujan
2024-11-27,Malang,22.076,29.276001,24.796835,7.7999997,86.73328,3.4986331,9.54993,Hujan
2024-11-28,Malang,22.176,26.526001,23.607252,30.100002,94.339455,4.564404,3.874901,Hujan
2024-11-29,Malang,22.426,26.676,23.60308,26.000002,92.78945,4.7100835,3.9334822,Hujan
2024-11-30,Malang,21.826,25.676,23.165583,19.4,95.118324,3.8980331,3.4517019,Hujan
2024-12-01,Malang,22.176,26.126001,23.517668,10.1,94.170166,3.4068995,1.27557,Hujan
2024-12-02,Malang,22.326,28.076,24.242668,1.4000001,87.66257,3.3283005,7.682339,Berawan
2024-12-03,Malang,21.576,29.576,24.594751,11.0,83.441345,4.575926,10.595004,Hujan
2024-12-04,Malang,20.976,29.076,23.853083,8.6,89.69544,2.8711534,7.1668067,Hujan
2024-12-05,Malang,21.826,29.676,24.332253,19.2,90.34125,3.393138,9.108904,Hujan
2024-12-06,Malang,22.126001,26.326,23.532251,15.900001,91.97561,2.6422932,3.4986477,Hujan
2024-12-07,Malang,21.876001,29.076,24.142664,22.100002,91.99814,2.733855,8.480033,Hujan
2024-12-08,Malang,21.726,29.176,24.228083,22.6,91.71887,3.584584,8.883518,Hujan
2024-12-09,Malang,21.876001,26.926,23.444748,26.800001,96.46107,3.7806778,5.8665576,Hujan
2024-12-10,Malang,21.776001,29.526001,24.14475,13.900001,90.572205,3.6153116,8.097313,Hujan
2024-12-11,Malang,21.676,28.876001,24.10517,22.300003,91.918304,2.8197708,6.653218,Hujan
2024-12-12,Malang,21.876001,26.426,23.528084,20.899998,93.10519,3.0086236,5.4048576,Hujan
2024-12-13,Malang,22.026001,28.926,24.296831,10.7,85.46577,3.9259253,6.840815,Hujan
2024-12-14,Malang,21.526001,26.476,23.467665,50.300003,92.89262,2.5043678,3.1064448,Hujan
2024-12-15,Malang,21.676,28.526001,24.096832,63.699997,91.995445,2.794641,6.8057117,Hujan
2024-12-16,Malang,22.126001,28.276001,24.203087,25.000002,90.49509,2.6595237,3.9215522,Hujan
2024-12-17,Malang,21.976,28.726,23.926,44.300003,92.37008,2.536499,7.0,Hujan
2024-12-18,Malang,21.326,27.976,24.169752,2.5000002,89.02717,3.8221886,9.832766,Berawan
2024-12-19,Malang,21.576,30.676,25.036417,3.1,82.2821,4.194883,10.9899845,Berawan
2024-12-20,Malang,21.626001,29.626001,24.651001,9.300001,88.44476,3.4137845,8.55838,Hujan
2024-12-21,Malang,22.326,29.126001,24.284332,28.0,90.64442,3.7670724,6.607136,Hujan
2024-12-22,Malang,22.476,27.776001,24.146833,13.800001,88.09501,4.405769,6.7492127,Hujan
2024-12-23,Malang,21.976,30.976,24.794748,13.200001,84.97799,4.1668844,9.943989,Hujan
2024-12-24,Malang,21.476,29.326,24.203085,16.1,87.537254,4.0609703,9.250903,Hujan
2024-12-25,Malang,21.926,29.576,24.203081,7.2,89.534645,3.1962423,6.085607,Hujan
2024-12-26,Malang,21.126001,27.876001,23.553083,25.4,93.58903,3.1688414,7.0420384,Hujan
2024-12-27,Malang,21.976,29.226,24.778086,3.0,86.009674,4.53999,9.851492,Berawan
2024-12-28,Malang,21.826,26.626001,23.548918,14.099999,94.00211,4.061833,5.692207,Hujan
2024-12-29,Malang,21.526001,24.976,22.894753,18.099998,96.73691,2.4253855,0.0,Hujan
2024-12-30,Malang,20.926,29.126001,23.915583,50.6,89.94497,3.2278876,9.033711,Hujan
2024-12-31,Malang,21.276001,27.926,23.68017,46.4,90.51806,3.5852747,6.817418,Hujan
2023-01-01,Batu,20.095499,23.9455,21.607996,7.4,87.01789,3.7198474,4.9949985,Hujan
2023-01-02,Batu,18.995499,25.1955,21.485079,2.7999997,86.16415,3.987355,6.507304,Berawan
2023-01-03,Batu,18.095499,26.1955,21.36425,2.4,85.023834,5.0169096,10.6737175,Berawan
2023-01-04,Batu,18.2955,25.345499,20.980915,4.5999994,87.856415,4.7953353,8.535888,Berawan
2023-01-05,Batu,18.2955,24.345499,20.949667,4.9999995,89.992836,5.1089263,10.442248,Berawan
2023-01-06,Batu,18.345499,23.345499,20.597584,10.500001,91.76327,5.7061954,7.843469,Hujan
2023-01-07,Batu,18.245499,25.245499,21.274664,0.90000004,86.95637,6.688564,11.918297,Berawan
2023-01-08,Batu,17.8955,24.6955,20.937164,3.6,87.06345,5.2809815,10.852121,Berawan
2023-01-09,Batu,16.8955,24.845499,20.753836,1.6000001,86.82282,5.1518083,10.45922,Berawan
2023-01-10,Batu,18.1955,25.0455,21.376749,2.0000002,88.624825,6.803756,11.689476,Berawan
2023-01-11,Batu,19.495499,24.745499,21.41633,1.5000001,91.645546,7.5288644,10.932568,Berawan
2023-01-12,Batu,17.5455,25.095499,20.916334,0.1,89.5884,6.9442644,11.841498,Berawan
2023-01-13,Batu,18.345499,25.0455,21.162165,0.4,89.43865,6.528558,10.747115,Berawan
2023-01-14,Batu,17.7955,24.095499,20.903833,16.2,93.081825,3.2165546,8.335478,Hujan
2023-01-15,Batu,18.245499,24.5455,21.149668,21.7,91.75116,3.1088853,7.512389,Hujan
2023-01-16,Batu,19.595499,24.845499,21.412165,7.5999994,89.315186,3.1492841,5.546268,Hujan
2023-01-17,Batu,18.7955,23.9455,21.128832,19.800003,91.64932,3.5991113,7.140945,Hujan
2023-01-18,Batu,19.0455,24.495499,21.135084,3.0,93.17014,4.9846683,7.697573,Berawan
2023-01-19,Batu,18.3955,24.7955,21.160082,15.600001,90.68531,4.07467,10.300735,Hujan
2023-01-20,Batu,19.245499,23.6455,20.997583,6.0,91.144554,3.86271,5.4883947,Hujan
2023-01-21,Batu,18.3955,25.1455,20.987167,10.7,89.14822,4.2562094,8.515129,Hujan
2023-01-22,Batu,17.8955,24.2955,21.249664,2.2999997,87.07897,4.7291183,10.26278,Berawan
2023-01-23,Batu,17.745499,26.095499,21.56633,1.5000001,83.84879,5.670967,11.876677,Berawan
2023-01-24,Batu,18.3955,25.1955,21.566332,8.6,87.1618,4.5657215,10.136087,Hujan
2023-01-25,Batu,18.745499,24.2955,21.143414,11.200001,90.05465,4.524206,8.160935,Hujan
2023-01-26,Batu,19.245499,23.7955,20.745499,17.700003,94.56606,4.990225,4.4764047,Hujan
2023-01-27,Batu,18.995499,23.0455,20.768415,14.5,91.90336,4.361363,3.0140007,Hujan
2023-01-28,Batu,19.3955,22.845499,20.843416,20.5,91.81092,2.9372911,3.4268649,Hujan
2023-01-29,Batu,20.095499,24.3955,21.724669,12.400001,90.1027,3.1335297,5.4178557,Hujan
2023-01-30,Batu,19.8955,25.245499,21.730913,5.7,89.71876,3.0925517,4.166993,Hujan
2023-01-31,Batu,19.995499,23.5455,21.262167,7.7,88.64452,4.781326,2.8866217,Hujan
2023-02-01,Batu,19.6955,25.1955,21.414248,21.000002,88.17404,3.3382616,4.816757,Hujan
2023-02-02,Batu,19.995499,23.8955,21.460083,2.8000002,84.31428,3.4444222,0.1637385,Berawan
2023-02-03,Batu,20.2955,24.1955,21.678833,5.2999997,86.00171,4.0387897,0.0,Hujan
2023-02-04,Batu,19.995499,24.5455,21.743414,5.0,85.6811,2.8971658,7.387429,Berawan
2023-02-05,Batu,19.595499,24.5455,21.368418,4.3999996,85.31048,5.0403714,6.8968253,Berawan
2023-02-06,Batu,19.1455,23.845499,21.076754,4.2000003,85.57907,3.3831573,5.582984,Berawan
2023-02-07,Batu,19.0455,23.7955,20.999666,31.199997,88.07554,3.0603805,5.1989,Hujan
2023-02-08,Batu,19.8955,23.2955,21.210081,29.199997,91.79266,2.3592515,2.0,Hujan
2023-02-09,Batu,20.1955,24.7955,21.555916,25.6,86.35911,3.0043077,7.072401,Hujan
2023-02-10,Batu,19.7955,25.595499,21.780914,10.3,88.04736,3.1799245,8.014489,Hujan
2023-02-11,Batu,19.845499,24.6955,21.608002,32.699997,89.740715,4.108274,5.330631,Hujan
2023-02-12,Batu,19.4455,24.345499,21.330915,40.199997,91.4734,3.0737805,7.3678055,Hujan
2023-02-13,Batu,19.2955,23.495499,20.526749,6.7000003,93.37192,5.117689,4.108382,Hujan
2023-02-14,Batu,18.1955,24.7955,20.774664,5.2000003,90.084595,4.4179144,8.59935,Hujan
2023-02-15,Batu,18.845499,22.7955,20.553831,14.7,93.611725,4.0423775,4.9777203,Hujan
2023-02-16,Batu,19.3955,23.2955,20.766333,30.800001,93.838234,3.7066483,3.146581,Hujan
2023-02-17,Batu,18.8955,24.245499,21.193415,12.400002,91.314384,3.3024602,4.4800863,Hujan
2023-02-18,Batu,18.745499,24.345499,20.976748,23.000002,92.70517,4.5434923,7.242774,Hujan
2023-02-19,Batu,19.095499,24.6955,21.137165,6.5,89.84692,4.299174,8.179592,Hujan
2023-02-20,Batu,18.495499,24.845499,21.20175,4.9999995,90.13183,3.8144784,9.755,Berawan
2023-02-21,Batu,18.5455,25.6955,21.626747,8.5,86.08682,4.360992,11.072665,Hujan
2023-02-22,Batu,19.245499,25.245499,21.593416,20.9,89.92979,3.471368,6.123954,Hujan
2023-02-23,Batu,19.4455,24.345499,21.803833,3.0999997,88.96838,1.9500412,5.4032893,Berawan
2023-02-24,Batu,20.245499,25.095499,21.799667,28.800001,89.694466,2.797227,5.300396,Hujan
2023-02-25,Batu,19.7955,25.4455,21.878832,6.5,88.78735,2.3252418,7.1676927,Hujan
2023-02-26,Batu,19.5455,25.095499,21.5205,9.800001,86.16361,2.8447952,7.534719,Hujan
2023-02-27,Batu,19.495499,24.6455,21.57675,8.300001,86.99475,3.9137678,7.163465,Hujan
2023-02-28,Batu,19.6955,25.6455,21.620499,9.8,85.21528,3.0659013,7.832436,Hujan
2023-03-01,Batu,18.6955,23.995499,20.724667,12.099998,90.288506,5.0662684,8.635445,Hujan
2023-03-02,Batu,19.0455,24.245499,20.92258,23.099998,88.31564,3.7275088,6.8503175,Hujan
2023-03-03,Batu,19.2955,25.745499,21.583,0.8000001,81.91098,4.112673,9.974008,Berawan
2023-03-04,Batu,18.495499,25.3955,21.272585,4.6000004,85.76111,3.9965973,10.231799,Berawan
2023-03-05,Batu,18.5455,24.345499,20.780916,6.4,89.352715,4.056262,8.225893,Hujan
2023-03-06,Batu,18.845499,24.345499,21.049665,1.9000002,89.93637,6.273452,10.667767,Berawan
2023-03-07,Batu,17.5455,25.6455,21.485083,0.1,85.36161,6.360068,11.737351,Berawan
2023-03-08,Batu,17.745499,24.345499,20.58925,21.499998,92.36059,4.2934685,9.172455,Hujan
2023-03-09,Batu,18.495499,25.4455,21.491331,1.0,85.07612,5.873811,11.168748,Berawan
2023-03-10,Batu,19.4455,25.345499,21.48925,3.0,89.2476,4.358649,8.855098,Berawan
2023-03-11,Batu,19.245499,26.095499,22.10383,0.90000004,85.747856,5.3625464,11.498304,Berawan
2023-03-12,Batu,18.345499,26.6455,22.105913,0.4,81.42945,5.944571,11.759391,Berawan
2023-03-13,Batu,18.2955,24.495499,20.974667,7.0,90.178535,4.198715,11.305051,Hujan
2023-03-14,Batu,17.495499,24.595499,20.49758,20.099998,89.18273,4.1716266,10.126558,Hujan
2023-03-15,Batu,19.1455,25.5455,21.860083,1.0,83.70986,5.135194,11.312911,Berawan
2023-03-16,Batu,18.8955,24.5455,21.680916,6.6,87.81412,4.764076,10.3541975,Hujan
2023-03-17,Batu,19.0455,25.0455,21.414248,13.8,87.69825,4.052902,8.338189,Hujan
2023-03-18,Batu,18.4455,25.1955,21.505913,4.1,87.25854,4.353042,10.855098,Berawan
2023-03-19,Batu,18.7955,25.5455,21.832998,2.6000001,87.896355,4.9044733,11.138766,Berawan
2023-03-20,Batu,19.1455,24.1955,21.449663,7.4,90.08366,4.0218496,7.143013,Hujan
2023-03-21,Batu,18.845499,26.5455,22.374664,0.6,87.1327,5.6891303,11.146128,Berawan
2023-03-22,Batu,19.7955,25.7955,21.835081,17.500002,88.29897,3.7502925,9.490868,Hujan
2023-03-23,Batu,19.845499,25.4455,21.918417,19.500002,87.63204,3.8151934,9.703827,Hujan
2023-03-24,Batu,19.245499,25.0455,21.516335,53.100002,90.75358,2.9234045,6.000449,Hujan
2023-03-25,Batu,18.995499,25.3955,21.374666,34.2,89.147316,3.7062905,5.5053988,Hujan
2023-03-26,Batu,18.7955,24.595499,21.316334,27.9,88.54412,3.463967,6.1371083,Hujan
2023-03-27,Batu,18.595499,23.7955,21.272583,24.499998,89.81747,2.5716643,5.367756,Hujan
2023-03-28,Batu,19.245499,24.095499,21.372581,29.1,87.94404,3.296529,5.6111264,Hujan
2023-03-29,Batu,20.245499,25.095499,21.897581,8.9,85.71233,3.8318934,7.7472897,Hujan
2023-03-30,Batu,18.7955,25.2955,21.699667,6.799999,86.225464,4.740054,8.934626,Hujan
2023-03-31,Batu,18.995499,24.2955,20.918417,16.400002,87.026855,3.8961978,5.376579,Hujan
2023-04-01,Batu,19.245499,23.8955,21.010078,6.9,89.9569,4.4682016,5.8522677,Hujan
2023-04-02,Batu,18.6955,23.495499,20.753832,37.899994,92.19785,4.094083,6.030444,Hujan
2023-04-03,Batu,19.245499,23.595499,20.924664,18.100002,92.39017,3.783118,4.8131995,Hujan
2023-04-04,Batu,18.7955,23.9455,20.674665,29.4,92.48812,3.324378,6.7950115,Hujan
2023-04-05,Batu,18.6455,24.5455,21.060083,24.2,88.01465,3.915381,8.567733,Hujan
2023-04-06,Batu,18.2955,24.3955,20.780916,23.300001,89.941216,4.6909046,9.34169,Hujan
2023-04-07,Batu,18.845499,24.0455,21.030916,2.3000002,90.27932,4.0378757,4.644309,Berawan
2023-04-08,Batu,17.8955,25.095499,20.995499,5.4,88.54604,4.2854056,7.737259,Hujan
2023-04-09,Batu,18.345499,25.6455,21.220499,0.9000001,85.70902,4.2518516,9.793761,Berawan
2023-04-10,Batu,18.595499,24.6955,21.089249,1.8000002,89.88056,4.5711284,9.372299,Berawan
2023-04-11,Batu,18.245499,24.345499,21.093416,6.9,92.6752,4.280031,8.30135,Hujan
2023-04-12,Batu,19.4455,24.095499,21.622581,14.300001,92.3997,3.782198,6.1067557,Hujan
2023-04-13,Batu,19.4455,23.495499,21.09133,8.6,95.10908,4.308936,0.6078814,Hujan
2023-04-14,Batu,18.4455,24.345499,20.868416,7.0000005,93.204956,4.3853245,5.9165,Hujan
2023-04-15,Batu,18.1455,23.8955,21.055918,4.2999997,94.26016,3.828319,8.9120865,Berawan
2023-04-16,Batu,18.4455,26.1955,21.812164,3.5999997,89.57273,4.2380695,9.455408,Berawan
2023-04-17,Batu,19.4455,24.745499,21.543417,17.2,92.31558,4.112647,7.4209127,Hujan
2023-04-18,Batu,18.9455,24.9455,21.474665,0.8000001,91.05905,4.276532,7.3819213,Berawan
2023-04-19,Batu,18.9455,25.595499,22.182997,2.0,88.2107,4.37117,11.121404,Berawan
2023-04-20,Batu,19.8955,26.345499,22.293417,2.6999996,88.42779,4.8697944,11.038161,Berawan
2023-04-21,Batu,18.1955,25.595499,21.580917,14.6,88.13569,3.5849643,10.415734,Hujan
2023-04-22,Batu,18.595499,25.2955,21.528831,20.7,89.25778,4.513164,10.202841,Hujan
2023-04-23,Batu,18.7955,25.6455,21.966331,3.7000003,88.499794,4.5644026,9.620569,Berawan
2023-04-24,Batu,18.595499,25.745499,22.043417,9.700001,88.70173,4.1741805,11.123154,Hujan
2023-04-25,Batu,19.095499,26.1455,22.201752,1.5000001,88.1061,5.8718777,11.123699,Berawan
2023-04-26,Batu,19.245499,25.2955,21.712166,3.6999998,88.436775,3.6210194,8.721789,Berawan
2023-04-27,Batu,19.345499,25.595499,21.774666,8.300001,90.06454,4.228207,10.842937,Hujan
2023-04-28,Batu,19.495499,24.5455,21.703835,24.900003,90.522,3.5686357,7.016813,Hujan
2023-04-29,Batu,20.1955,24.595499,21.801748,25.300003,89.97739,4.437348,6.2118173,Hujan
2023-04-30,Batu,19.6955,25.745499,21.85383,18.099998,87.49426,4.313502,9.791551,Hujan
2023-05-01,Batu,19.1455,26.0455,21.85383,19.6,87.768364,4.0312986,11.128528,Hujan
2023-05-02,Batu,19.345499,25.3955,21.747583,15.900001,91.46781,3.3070626,6.205099,Hujan
2023-05-03,Batu,19.4455,25.345499,22.328833,2.4,89.82522,4.8057046,9.518176,Berawan
2023-05-04,Batu,20.0455,26.245499,22.303831,0.90000004,87.99743,5.553032,10.0,Berawan
2023-05-05,Batu,19.1455,25.3955,22.21842,0.9,89.01469,4.9360266,11.132998,Berawan
2023-05-06,Batu,19.2955,24.7955,21.81633,10.6,90.09141,3.6584356,8.978373,Hujan
2023-05-07,Batu,19.745499,25.1955,22.064247,2.8,90.45447,4.4726295,10.486686,Berawan
2023-05-08,Batu,18.995499,26.0455,21.95175,0.0,86.11883,5.7162375,11.002108,Cerah
2023-05-09,Batu,19.245499,25.095499,21.605917,2.4999998,85.81586,3.9859645,9.342837,Berawan
2023-05-10,Batu,19.6455,25.095499,22.280914,0.6,87.65017,5.972183,6.2332106,Berawan
2023-05-11,Batu,19.595499,25.6455,22.328833,2.8999999,85.09284,5.237373,6.9136143,Berawan
2023-05-12,Batu,20.845499,26.2955,22.997581,0.5,85.20385,4.643843,10.95417,Berawan
2023-05-13,Batu,19.1455,24.345499,21.393417,0.0,90.41138,9.382517,11.008674,Cerah
2023-05-14,Batu,18.5455,23.8955,20.601748,1.4000001,89.22736,9.875235,9.684469,Berawan
2023-05-15,Batu,18.4455,23.995499,20.533003,1.4000001,90.64027,8.13985,7.402698,Berawan
2023-05-16,Batu,17.8955,23.745499,20.17675,5.7,90.378265,5.783721,9.909732,Hujan
2023-05-17,Batu,17.245499,23.595499,20.035084,2.0,91.318794,4.6295085,7.9142003,Berawan
2023-05-18,Batu,16.8955,24.1455,20.285082,6.0,89.36286,4.39445,11.084805,Hujan
2023-05-19,Batu,17.5455,24.7955,20.864248,1.7,86.34203,4.951275,11.0,Berawan
2023-05-20,Batu,18.345499,25.1455,21.760084,0.0,78.87048,6.1132855,11.019859,Cerah
2023-05-21,Batu,17.595499,24.9455,21.307999,0.0,85.16948,5.8376656,11.0,Cerah
2023-05-22,Batu,17.6455,24.6455,20.87675,0.0,81.58613,5.6647544,11.023618,Cerah
2023-05-23,Batu,16.7955,23.6955,20.46425,2.1000001,86.68418,5.171,11.094442,Berawan
2023-05-24,Batu,17.3955,25.0455,21.022583,1.3000001,86.23202,4.8991776,11.027612,Berawan
2023-05-25,Batu,18.1455,25.1955,21.424665,0.0,86.2059,5.451718,11.029681,Cerah
2023-05-26,Batu,17.4455,25.5455,21.430914,0.0,82.061035,4.90016,10.382838,Cerah
2023-05-27,Batu,18.5455,24.6955,21.212166,0.4,86.195984,6.8792424,8.82075,Berawan
2023-05-28,Batu,18.495499,25.095499,21.062166,0.1,86.04914,6.704738,10.340975,Berawan
2023-05-29,Batu,18.4455,25.0455,21.230915,0.0,82.21472,5.4586735,11.0,Cerah
2023-05-30,Batu,17.345499,25.1455,20.766333,0.0,78.96671,5.297424,11.040497,Cerah
2023-05-31,Batu,16.8955,25.1455,20.789248,0.0,78.44033,4.7321267,11.0,Cerah
2023-06-01,Batu,17.2955,25.845499,21.341333,0.0,83.44167,5.5706697,11.0,Cerah
2023-06-02,Batu,19.745499,25.0455,21.7455,1.1,91.62326,6.15634,11.0,Berawan
2023-06-03,Batu,18.3955,25.095499,21.820498,2.2,90.18991,5.6959715,10.825587,Berawan
2023-06-04,Batu,19.7955,23.7955,21.087168,12.3,93.89377,5.061236,10.5892515,Hujan
2023-06-05,Batu,19.595499,23.845499,21.04758,19.6,94.19532,4.6086154,8.29477,Hujan
2023-06-06,Batu,18.745499,22.6955,20.662167,6.2999997,95.91687,4.8508105,6.4393306,Hujan
2023-06-07,Batu,19.7955,23.745499,21.147583,51.799995,93.28775,3.449845,10.960964,Hujan
2023-06-08,Batu,19.495499,24.345499,21.589249,1.5000001,90.772095,4.2638106,11.0,Berawan
2023-06-09,Batu,19.1955,24.5455,21.48925,0.4,87.64999,5.417163,11.0,Berawan
2023-06-10,Batu,18.3955,24.6455,21.087166,0.6,88.69016,4.6772,11.0,Berawan
2023-06-11,Batu,19.495499,23.9455,21.360083,1.8,92.62933,4.6374145,11.0,Berawan
2023-06-12,Batu,18.745499,24.995499,21.460083,4.2,89.69282,4.681542,10.291527,Berawan
2023-06-13,Batu,18.995499,24.495499,21.805914,0.1,87.548744,5.0425067,11.0,Berawan
2023-06-14,Batu,19.2955,24.4455,21.174665,0.0,88.35095,5.3369527,10.563617,Cerah
2023-06-15,Batu,18.8955,23.995499,20.866335,0.2,91.35819,5.1288505,10.605729,Berawan
2023-06-16,Batu,18.845499,24.495499,21.197584,1.0,90.69916,5.009402,11.0,Berawan
2023-06-17,Batu,17.995499,26.095499,21.430914,0.6,84.82514,4.75006,11.0,Berawan
2023-06-18,Batu,17.8955,26.495499,21.537169,0.3,81.19593,4.767725,11.0,Berawan
2023-06-19,Batu,18.6955,25.1455,21.601751,0.70000005,83.04951,5.7587857,11.0,Berawan
2023-06-20,Batu,18.095499,25.845499,21.557999,0.4,82.980644,5.524183,11.0,Berawan
2023-06-21,Batu,18.745499,25.495499,21.430916,0.0,82.146935,8.307225,11.0,Cerah
2023-06-22,Batu,18.1455,25.495499,21.612167,0.6,81.540306,7.1092443,11.0,Berawan
2023-06-23,Batu,18.7955,24.7955,21.332998,4.1,85.290016,4.9490647,11.0,Berawan
2023-06-24,Batu,16.9455,25.0455,20.833,2.2,87.65215,5.177296,11.0,Berawan
2023-06-25,Batu,17.5455,24.1455,20.868414,2.6,88.55712,3.9903398,11.0,Berawan
2023-06-26,Batu,18.095499,24.095499,20.555914,3.9999998,91.14973,4.1066303,11.0,Berawan
2023-06-27,Batu,18.3955,22.2955,19.85383,12.0,94.50162,5.2660546,6.362405,Hujan
2023-06-28,Batu,18.7955,22.6955,20.343414,14.999997,94.35031,5.0086827,9.081217,Hujan
2023-06-29,Batu,19.3955,23.6455,20.90175,4.6,93.21574,5.918483,10.880957,Berawan
2023-06-30,Batu,18.845499,24.3955,20.968416,2.2,90.64829,4.634993,11.0,Berawan
2023-07-01,Batu,19.4455,22.4455,20.487167,14.700001,95.19277,6.444384,10.050914,Hujan
2023-07-02,Batu,19.2955,21.9455,20.201752,52.300003,95.53662,6.195839,8.377586,Hujan
2023-07-03,Batu,17.2955,22.745499,20.19758,3.8999996,94.55285,5.8111973,9.856399,Berawan
2023-07-04,Batu,19.095499,23.7955,20.722586,12.400001,95.292725,4.3536143,9.983697,Hujan
2023-07-05,Batu,19.245499,23.095499,20.672583,5.7999997,95.281715,5.004077,9.991462,Hujan
2023-07-06,Batu,19.595499,23.2955,20.872581,7.799999,94.58637,5.1530886,10.036282,Hujan
2023-07-07,Batu,19.2955,21.8955,20.137167,40.6,96.258705,5.2857795,4.7646527,Hujan
2023-07-08,Batu,19.495499,23.9455,20.933,9.7,93.956566,4.244127,9.875334,Hujan
2023-07-09,Batu,18.095499,23.6955,20.716333,1.2,90.36173,4.275523,11.0,Berawan
2023-07-10,Batu,17.8955,23.745499,20.530916,1.9000001,89.68069,4.4211946,10.683679,Berawan
2023-07-11,Batu,17.6455,23.2955,20.23925,0.4,92.91468,5.0320487,10.962627,Berawan
2023-07-12,Batu,16.4955,23.6455,19.999666,0.1,88.31272,6.472137,10.955049,Berawan
2023-07-13,Batu,18.495499,22.6955,20.372583,2.1,93.18039,6.6512637,8.693923,Berawan
2023-07-14,Batu,18.9455,22.2955,20.258,0.1,92.10139,7.901289,11.0172415,Berawan
2023-07-15,Batu,18.595499,23.095499,20.460081,2.3,93.60911,5.3985596,11.0,Berawan
2023-07-16,Batu,17.495499,22.0455,19.568415,1.4000001,92.33978,6.4548774,11.082837,Berawan
2023-07-17,Batu,15.045501,23.8955,19.572584,0.0,88.9112,4.9359665,11.011784,Cerah
2023-07-18,Batu,16.095499,23.9455,20.112167,0.4,87.14831,4.041188,11.01006,Berawan
2023-07-19,Batu,16.845499,23.1455,19.632998,0.0,87.06126,7.0054216,11.008358,Cerah
2023-07-20,Batu,16.2955,23.095499,19.37883,0.0,77.73667,7.557666,11.006678,Cerah
2023-07-21,Batu,16.6455,22.5455,19.22258,0.0,88.28216,7.6425805,11.0,Cerah
2023-07-22,Batu,16.4955,24.0455,20.132998,0.0,82.938545,5.656934,11.003391,Cerah
2023-07-23,Batu,17.3955,23.3955,20.108,0.4,89.63683,4.3913813,10.268672,Berawan
2023-07-24,Batu,17.095499,22.995499,19.945501,3.3,91.035255,4.466906,11.0,Berawan
2023-07-25,Batu,16.095499,24.5455,19.966333,0.0,87.4611,5.118223,11.0,Cerah
2023-07-26,Batu,17.1455,23.8955,19.828833,0.0,85.400734,6.3303037,10.787619,Cerah
2023-07-27,Batu,15.545501,23.3955,19.287165,0.0,89.75652,5.637189,11.0,Cerah
2023-07-28,Batu,15.6455,23.495499,19.370499,0.0,89.35107,5.6881185,10.404046,Cerah
2023-07-29,Batu,16.095499,23.6455,19.624666,0.0,87.13969,5.027005,11.0,Cerah
2023-07-30,Batu,15.5955,23.6955,19.44758,0.8,86.050385,5.3614793,10.0,Berawan
2023-07-31,Batu,16.5455,24.245499,19.637167,0.0,88.62641,5.254578,11.126426,Cerah
2023-08-01,Batu,16.2955,26.1455,20.680916,0.5,77.66587,4.931278,11.0,Berawan
2023-08-02,Batu,17.6455,25.9455,21.287167,1.1,74.963875,4.83815,11.123777,Berawan
2023-08-03,Batu,17.6955,25.1455,21.041334,1.5000001,85.918236,5.804427,11.0,Berawan
2023-08-04,Batu,18.095499,22.5455,20.270498,0.7,91.02734,6.042597,11.053866,Berawan
2023-08-05,Batu,17.1455,25.745499,20.795498,2.1000001,83.1019,6.587741,11.0,Berawan
2023-08-06,Batu,18.0455,24.6455,20.791332,3.1000001,90.40781,5.9059396,11.0,Berawan
2023-08-07,Batu,17.4455,24.095499,20.530916,1.5000001,89.03455,4.959203,11.0,Berawan
2023-08-08,Batu,16.3955,24.595499,20.591333,0.70000005,87.87634,5.0740666,11.0,Berawan
2023-08-09,Batu,15.995501,24.845499,19.889248,0.0,81.11454,5.1902337,11.18383,Cerah
2023-08-10,Batu,15.1455,24.345499,19.414251,0.0,79.965706,5.951846,11.183025,Cerah
2023-08-11,Batu,14.9455,24.2955,19.010084,0.0,70.52998,6.2418065,11.249127,Cerah
2023-08-12,Batu,14.745501,24.4455,18.974669,0.0,78.46957,6.2293816,11.181609,Cerah
2023-08-13,Batu,15.4455,24.6955,19.705915,0.0,79.547424,5.4237185,11.047708,Cerah
2023-08-14,Batu,15.995501,24.6955,19.689249,0.0,79.9016,4.9973288,11.0473585,Cerah
2023-08-15,Batu,16.9455,24.9455,20.312166,0.0,83.78332,6.5436163,11.113528,Cerah
2023-08-16,Batu,16.4455,24.9455,19.914248,0.0,79.593864,6.9962916,10.614295,Cerah
2023-08-17,Batu,16.2955,22.9455,18.872583,3.1,88.4544,6.8658037,10.870489,Berawan
2023-08-18,Batu,16.5455,23.495499,19.3705,1.2,90.04844,5.8164835,9.779148,Berawan
2023-08-19,Batu,16.6455,24.7955,20.22675,0.4,85.181465,5.25278,11.0,Berawan
2023-08-20,Batu,16.095499,25.2955,20.043413,2.1,85.45956,6.207706,10.342645,Berawan
2023-08-21,Batu,16.995499,24.745499,20.305914,0.70000005,85.42501,5.1794577,11.046519,Berawan
2023-08-22,Batu,16.8955,24.1955,19.905916,1.4000001,88.3561,5.8326635,11.0,Berawan
2023-08-23,Batu,16.6455,24.1955,19.639252,1.2,88.98663,5.9204063,11.0,Berawan
2023-08-24,Batu,16.6955,24.5455,20.574667,0.0,84.71421,5.55362,11.06559,Cerah
2023-08-25,Batu,18.1455,25.3955,20.974665,2.1,88.89593,5.7608457,10.786985,Berawan
2023-08-26,Batu,17.8955,25.1955,20.649666,0.70000005,89.00732,6.1816926,11.047379,Berawan
2023-08-27,Batu,16.1955,23.845499,19.626749,7.1,88.29017,5.339743,10.965795,Hujan
2023-08-28,Batu,16.6455,25.245499,20.328829,0.0,82.29351,5.5704103,11.181198,Cerah
2023-08-29,Batu,16.2955,25.4455,20.212166,0.0,77.9308,5.3458533,11.179193,Cerah
2023-08-30,Batu,15.3455,26.9455,20.522583,0.0,71.93118,5.790629,11.238565,Cerah
2023-08-31,Batu,17.2955,24.495499,20.443417,0.4,82.04418,6.135447,10.43024,Berawan
2023-09-01,Batu,17.1455,24.6455,20.130917,0.0,85.55479,6.169536,11.050529,Cerah
2023-09-02,Batu,14.9455,24.245499,19.355917,0.70000005,83.75825,7.0876184,11.175211,Berawan
2023-09-03,Batu,16.0455,24.6955,19.516335,0.3,83.69567,7.178219,11.079175,Berawan
2023-09-04,Batu,14.545501,24.995499,19.555918,0.1,80.11802,6.334567,11.218416,Berawan
2023-09-05,Batu,15.3455,25.9455,20.003832,0.0,79.955345,6.330544,11.279291,Cerah
2023-09-06,Batu,18.1455,24.6955,20.57675,2.1999998,86.085945,6.9935174,11.090844,Berawan
2023-09-07,Batu,17.6455,24.245499,20.320501,0.8,86.07963,7.34603,11.085961,Berawan
2023-09-08,Batu,16.745499,25.595499,20.557997,0.0,76.07394,5.8520956,11.331845,Cerah
2023-09-09,Batu,15.6955,26.8955,20.418417,0.0,68.17191,6.018959,11.521912,Cerah
2023-09-10,Batu,16.4955,26.0455,20.503834,0.1,81.05666,6.0615635,11.006632,Berawan
2023-09-11,Batu,17.7955,27.1955,21.57675,3.1999998,82.035965,5.440593,11.195693,Berawan
2023-09-12,Batu,18.8955,26.9455,21.657997,1.1,82.957634,5.8133316,11.1867075,Berawan
2023-09-13,Batu,17.595499,26.2955,21.124662,5.2000003,85.04354,6.302458,11.250504,Hujan
2023-09-14,Batu,17.495499,22.9455,20.020498,7.8999996,87.117584,5.9734654,11.1166,Hujan
2023-09-15,Batu,16.9455,25.495499,20.745499,1.7,77.3267,5.543303,11.240902,Berawan
2023-09-16,Batu,16.9455,26.595499,21.176748,1.4,83.88085,6.071525,11.494112,Berawan
2023-09-17,Batu,18.2955,25.245499,21.070498,5.8999996,87.826225,6.79459,8.546085,Hujan
2023-09-18,Batu,17.345499,24.9455,20.572582,0.0,82.806984,7.3283315,11.22651,Cerah
2023-09-19,Batu,17.5455,25.095499,20.703833,0.0,80.40145,6.789517,11.418212,Cerah
2023-09-20,Batu,17.1955,25.5455,20.810083,0.8000001,79.61793,6.1426983,11.478813,Berawan
2023-09-21,Batu,16.6455,26.3955,20.730913,0.0,69.32063,6.856349,11.67685,Cerah
2023-09-22,Batu,15.4455,25.345499,19.824665,0.0,72.17191,8.21797,11.623354,Cerah
2023-09-23,Batu,15.795501,25.6455,20.314253,0.1,80.03141,6.859034,11.634219,Berawan
2023-09-24,Batu,17.1455,27.1455,21.316332,1.1,71.97293,6.2546644,11.63594,Berawan
2023-09-25,Batu,17.6955,26.595499,21.170498,0.0,79.89455,7.077802,11.331774,Cerah
2023-09-26,Batu,16.745499,27.995499,21.162165,0.0,69.90931,6.714341,11.666667,Cerah
2023-09-27,Batu,16.8955,28.8955,21.997581,0.0,67.783585,6.287026,11.677346,Cerah
2023-09-28,Batu,17.8955,28.4455,22.368416,1.1,67.28566,5.944415,11.579049,Berawan
2023-09-29,Batu,17.7955,28.9455,22.597582,0.1,70.693886,6.679109,11.698352,Berawan
2023-09-30,Batu,18.9455,28.2955,22.1705,0.0,75.28151,7.367754,11.056412,Cerah
2023-10-01,Batu,17.8955,27.745499,21.785082,0.2,74.183205,6.9694824,11.718699,Berawan
2023-10-02,Batu,17.745499,26.2955,21.210081,0.2,79.410995,7.55552,11.710829,Berawan
2023-10-03,Batu,17.5455,25.9455,21.080915,5.7999997,85.73769,5.1656084,10.722863,Hujan
2023-10-04,Batu,17.8955,28.6955,22.466333,0.0,76.02777,5.8285303,11.728179,Cerah
2023-10-05,Batu,18.6955,30.0455,23.320498,0.3,68.93467,6.509648,11.736544,Berawan
2023-10-06,Batu,19.095499,29.2955,23.464247,0.4,70.06957,6.4933453,11.683076,Berawan
2023-10-07,Batu,19.245499,28.3955,22.978834,0.6,75.20436,5.851773,11.753025,Berawan
2023-10-08,Batu,19.095499,29.095499,23.19758,0.8,67.35467,6.7915773,11.783334,Berawan
2023-10-09,Batu,18.6955,29.6955,23.812164,0.0,61.133698,6.401073,11.76941,Cerah
2023-10-10,Batu,18.4455,28.1955,22.76425,0.0,69.825386,6.2559805,11.800875,Cerah
2023-10-11,Batu,18.495499,29.245499,22.943419,0.0,65.07212,6.405144,11.809495,Cerah
2023-10-12,Batu,17.995499,28.745499,23.112167,0.0,65.389534,6.9430127,11.793514,Cerah
2023-10-13,Batu,18.8955,28.1955,23.001749,0.6,69.264786,6.691807,11.801357,Berawan
2023-10-14,Batu,19.2955,29.4455,23.297585,0.0,69.322525,7.3402104,11.809077,Cerah
2023-10-15,Batu,18.5455,29.3955,23.67675,0.4,56.515026,6.9273696,11.816658,Berawan
2023-10-16,Batu,20.7955,29.7955,24.328833,0.6,69.1084,6.665189,11.824079,Berawan
2023-10-17,Batu,20.245499,29.845499,24.441332,0.0,60.097073,7.0072556,11.831328,Cerah
2023-10-18,Batu,19.495499,30.745499,23.983,0.5,60.082825,6.784814,11.838387,Berawan
2023-10-19,Batu,18.7955,30.1955,23.710081,0.0,63.703003,6.42447,11.845239,Cerah
2023-10-20,Batu,19.7955,29.2955,23.332998,2.5,68.09023,6.652335,11.851867,Berawan
2023-10-21,Batu,18.7955,29.6955,23.824663,0.90000004,66.399445,6.1270804,11.8582535,Berawan
2023-10-22,Batu,19.095499,29.6455,23.522581,1.3,59.240833,6.158595,11.864384,Berawan
2023-10-23,Batu,18.6955,28.345499,22.805918,2.9,67.59403,5.5338235,11.870236,Berawan
2023-10-24,Batu,18.5455,28.8955,23.066332,1.6,71.94944,6.361844,11.8758,Berawan
2023-10-25,Batu,18.6955,30.245499,23.55591,0.0,59.77052,6.469703,11.881056,Cerah
2023-10-26,Batu,19.995499,29.7955,23.487165,1.1,71.24941,6.0456095,11.886065,Berawan
2023-10-27,Batu,19.745499,30.845499,24.27883,0.0,49.751812,7.111773,11.915104,Cerah
2023-10-28,Batu,19.6455,30.8955,23.862167,0.1,55.713894,7.4510837,11.895576,Berawan
2023-10-29,Batu,19.4455,28.7955,23.470499,0.70000005,68.10197,6.206183,11.900063,Berawan
2023-10-30,Batu,19.245499,29.345499,22.960081,3.4,78.35819,6.8023634,11.904358,Berawan
2023-10-31,Batu,19.1455,28.095499,23.05175,3.5,79.14478,6.230595,11.908457,Berawan
2023-11-01,Batu,19.0455,29.245499,23.628836,0.0,70.36928,7.105277,11.912348,Cerah
2023-11-02,Batu,20.1455,30.1455,24.101751,0.2,71.72112,7.008427,11.916024,Berawan
2023-11-03,Batu,19.745499,28.6955,22.9205,0.6,79.31725,4.8223724,8.65247,Berawan
2023-11-04,Batu,19.2955,27.9455,22.77883,0.8,80.26706,5.2701263,11.274283,Berawan
2023-11-05,Batu,19.2955,29.845499,23.895498,0.0,69.30727,6.320117,11.925678,Cerah
2023-11-06,Batu,20.495499,29.845499,23.824667,0.2,67.007576,6.316462,11.92841,Berawan
2023-11-07,Batu,19.345499,29.845499,23.603834,0.0,73.42714,6.3335276,11.276066,Cerah
2023-11-08,Batu,19.745499,30.1455,24.189245,0.2,69.86668,7.334946,11.93309,Berawan
2023-11-09,Batu,20.345499,28.1455,23.168419,2.2,82.34058,5.504076,10.52214,Berawan
2023-11-10,Batu,19.095499,27.495499,22.583,2.4,84.28789,4.7654614,10.315109,Berawan
2023-11-11,Batu,19.495499,27.9455,22.443413,5.4,83.895454,4.8392196,11.938029,Hujan
2023-11-12,Batu,19.845499,26.8955,22.214249,6.2000003,82.18033,4.4034204,11.939084,Hujan
2023-11-13,Batu,19.5455,27.1955,22.662165,8.3,85.970184,4.8319826,11.756718,Hujan
2023-11-14,Batu,19.595499,27.1455,22.789248,2.0,84.50366,4.815898,11.940255,Berawan
2023-11-15,Batu,19.8955,26.995499,22.760084,3.3999999,87.32919,5.356771,11.308155,Berawan
2023-11-16,Batu,20.345499,26.9455,22.589247,5.6,88.10657,5.6623297,11.740306,Hujan
2023-11-17,Batu,19.595499,26.345499,22.410082,2.0000002,86.35943,6.566531,11.939618,Berawan
2023-11-18,Batu,18.5455,27.9455,22.224665,2.0,83.31238,7.4097433,11.938796,Berawan
2023-11-19,Batu,18.845499,26.845499,22.207994,2.9,82.64483,6.6542673,11.756332,Berawan
2023-11-20,Batu,19.9455,26.495499,22.455915,4.3,86.69436,6.639889,9.76186,Berawan
2023-11-21,Batu,19.595499,28.0455,23.22883,1.5,83.40237,6.2637925,11.934586,Berawan
2023-11-22,Batu,19.3955,28.095499,23.501747,1.6000001,79.41998,5.580106,11.932631,Berawan
2023-11-23,Batu,20.245499,27.3955,23.387167,0.3,81.60704,5.268617,7.7324677,Berawan
2023-11-24,Batu,20.4455,27.6455,22.60383,10.9,84.037155,4.124873,8.334179,Hujan
2023-11-25,Batu,19.745499,27.7955,22.672585,1.9000001,83.38442,5.368909,10.0,Berawan
2023-11-26,Batu,19.1955,26.6955,22.249666,2.6,87.26734,6.056967,10.587388,Berawan
2023-11-27,Batu,19.3955,27.2955,22.108002,19.199999,86.20876,5.7159767,11.437404,Hujan
2023-11-28,Batu,19.2955,24.745499,21.337164,29.7,91.85323,4.411432,6.7710786,Hujan
2023-11-29,Batu,18.9455,25.995499,21.589249,33.0,91.7237,4.2201777,9.745597,Hujan
2023-11-30,Batu,19.345499,26.2955,22.132998,21.699999,88.91285,4.2849483,8.809423,Hujan
2023-12-01,Batu,20.0455,24.495499,21.397583,47.5,93.928314,4.4178696,4.739962,Hujan
2023-12-02,Batu,19.9455,24.345499,21.2205,7.4,94.78489,3.760456,3.5658998,Hujan
2023-12-03,Batu,19.745499,25.1955,21.72258,2.5999997,92.25907,4.9927473,9.76625,Berawan
2023-12-04,Batu,19.345499,25.245499,21.787165,7.4999995,90.65566,4.8067765,7.968112,Hujan
2023-12-05,Batu,19.845499,25.245499,21.91633,5.8999996,90.72424,5.2579226,9.657383,Hujan
2023-12-06,Batu,20.0455,26.4455,22.560081,3.5,89.835365,6.1670947,11.947497,Berawan
2023-12-07,Batu,19.6955,26.3955,22.157999,5.1000004,88.38867,5.103479,11.425314,Hujan
2023-12-08,Batu,19.6955,25.6955,21.862165,25.300003,91.022545,4.4135337,10.346557,Hujan
2023-12-09,Batu,19.995499,25.6455,21.858,12.500001,91.67881,4.5898886,6.0674467,Hujan
2023-12-10,Batu,19.995499,25.1455,21.305918,13.1,93.084526,5.013121,5.987939,Hujan
2023-12-11,Batu,19.095499,25.5455,21.76425,0.1,87.81652,6.510987,11.308047,Berawan
2023-12-12,Batu,18.2955,26.995499,21.876753,2.3000002,87.18107,5.631604,12.094839,Berawan
2023-12-13,Batu,18.8955,26.245499,21.657999,58.199997,91.04684,3.7867234,9.354746,Hujan
2023-12-14,Batu,19.6955,24.1455,21.345503,43.8,95.45643,5.0562468,7.1115327,Hujan
2023-12-15,Batu,19.9455,24.245499,21.312168,36.2,95.52271,4.876627,6.0489078,Hujan
2023-12-16,Batu,19.8955,25.3955,22.043413,6.7000003,92.636986,5.7557936,11.644657,Hujan
2023-12-17,Batu,19.1455,24.995499,21.543417,4.7999997,92.06268,5.9822736,10.60551,Berawan
2023-12-18,Batu,18.4455,25.745499,21.547583,0.2,87.43878,6.997707,11.339978,Berawan
2023-12-19,Batu,17.6955,25.245499,20.82258,0.1,85.039795,6.2079115,12.463586,Berawan
2023-12-20,Batu,16.6955,25.495499,20.632998,0.0,81.89579,6.149688,12.464012,Cerah
2023-12-21,Batu,17.745499,25.6955,21.435083,6.6,84.50644,4.801079,11.0774145,Hujan
2023-12-22,Batu,18.6455,26.245499,21.539251,4.8,90.323524,6.2920675,10.615712,Berawan
2023-12-23,Batu,18.595499,26.595499,22.299665,0.70000005,82.26019,5.871429,12.174942,Berawan
2023-12-24,Batu,18.595499,27.095499,22.437166,0.0,82.93183,6.16425,11.882774,Cerah
2023-12-25,Batu,19.6955,25.4455,21.86425,31.799997,85.3664,3.8384259,6.9247026,Hujan
2023-12-26,Batu,19.3955,25.845499,21.76008,4.2999997,88.36956,4.083118,8.645908,Berawan
2023-12-27,Batu,19.6955,24.595499,21.7955,3.6000001,91.85532,4.451581,8.279558,Berawan
2023-12-28,Batu,19.995499,25.7955,22.170496,1.7,90.3747,4.3865047,10.285468,Berawan
2023-12-29,Batu,19.345499,25.3955,22.220499,2.9999998,89.89172,4.5288773,11.679764,Berawan
2023-12-30,Batu,20.095499,26.345499,22.353834,4.4999995,92.17147,4.8529615,7.5737934,Berawan
2023-12-31,Batu,19.8955,26.095499,22.353834,4.1,91.18002,4.840497,9.991842,Berawan
2024-01-01,Batu,20.5455,26.095499,22.697578,1.4000001,88.69461,4.8235674,8.763804,Berawan
2024-01-02,Batu,20.4455,26.4455,22.868416,6.299999,87.77695,4.9040055,11.251364,Hujan
2024-01-03,Batu,19.7955,26.245499,22.741333,2.7999997,86.718834,4.8054366,8.690852,Berawan
2024-01-04,Batu,19.8955,26.3955,22.672585,5.2000003,87.80474,4.380469,10.384331,Hujan
2024-01-05,Batu,20.095499,26.1955,22.133001,5.2000003,91.2277,4.0535383,9.27658,Hujan
2024-01-06,Batu,19.745499,24.9455,21.841333,11.499999,91.69698,3.7620676,7.3088574,Hujan
2024-01-07,Batu,19.845499,25.6455,21.876753,4.5,88.67456,3.61544,7.1340756,Berawan
2024-01-08,Batu,19.3955,25.6955,21.945501,16.400002,88.93922,3.775964,8.511023,Hujan
2024-01-09,Batu,19.7955,26.595499,22.189249,11.700001,90.18036,4.2008147,7.0823665,Hujan
2024-01-10,Batu,19.845499,26.8955,22.603836,5.8,88.93522,4.456212,9.412875,Hujan
2024-01-11,Batu,19.6955,27.2955,22.653833,1.4000001,88.899864,5.8981256,11.9385805,Berawan
2024-01-12,Batu,17.595499,26.095499,21.626747,0.2,83.01913,5.4976816,11.6722145,Berawan
2024-01-13,Batu,17.7955,25.845499,21.582998,3.0000002,87.49087,6.844366,11.949265,Berawan
2024-01-14,Batu,17.845499,25.6955,21.858,0.9000001,88.517845,5.510842,9.395797,Berawan
2024-01-15,Batu,18.6955,26.245499,21.914251,3.4,88.45517,4.6305676,8.725704,Berawan
2024-01-16,Batu,19.3955,26.745499,22.155914,2.5,89.7994,4.279422,10.994666,Berawan
2024-01-17,Batu,19.745499,25.6955,22.191332,18.600002,89.49218,2.6901772,8.944411,Hujan
2024-01-18,Batu,19.845499,24.245499,21.626749,5.7,91.462036,5.51864,8.070953,Hujan
2024-01-19,Batu,19.5455,23.245499,20.841333,7.700001,93.1535,5.0791955,4.7053547,Hujan
2024-01-20,Batu,18.9455,24.9455,21.453835,3.3999999,88.37121,6.9507995,11.584224,Berawan
2024-01-21,Batu,19.0455,25.595499,21.564247,3.2000003,86.87549,5.7477202,8.872071,Berawan
2024-01-22,Batu,19.6455,25.345499,21.82258,4.2999997,86.6941,4.745681,10.468672,Berawan
2024-01-23,Batu,19.4455,25.5455,21.862167,1.2,88.37165,5.74247,10.610193,Berawan
2024-01-24,Batu,19.2955,26.3955,21.839249,5.6,87.12586,4.774756,10.118549,Hujan
2024-01-25,Batu,19.7955,25.995499,21.880919,25.8,87.686615,3.3126001,9.730019,Hujan
2024-01-26,Batu,19.2955,25.495499,21.685081,29.999998,89.304436,3.0716982,7.9858437,Hujan
2024-01-27,Batu,18.995499,25.1455,21.785082,8.8,88.91329,2.5550988,11.179232,Hujan
2024-01-28,Batu,19.1955,25.0455,21.601746,35.399994,88.71319,2.8949366,10.056628,Hujan
2024-01-29,Batu,19.745499,25.0455,21.495499,42.1,90.91973,3.835396,4.4521313,Hujan
2024-01-30,Batu,19.345499,24.9455,21.501747,20.900002,89.08887,3.521167,7.154833,Hujan
2024-01-31,Batu,19.245499,25.0455,21.61425,18.1,88.5159,4.3388453,8.203466,Hujan
2024-02-01,Batu,19.495499,25.6955,22.030912,11.500001,85.16831,3.9698594,8.449835,Hujan
2024-02-02,Batu,18.9455,25.4455,21.668417,18.0,90.27819,3.8694358,7.283223,Hujan
2024-02-03,Batu,19.595499,23.1955,20.912167,63.199993,94.689415,3.4040112,3.9692085,Hujan
2024-02-04,Batu,19.3955,24.1455,21.410082,4.9,91.08566,4.274674,8.715503,Berawan
2024-02-05,Batu,18.9455,25.245499,21.657999,12.700001,88.49085,3.7738402,7.8895187,Hujan
2024-02-06,Batu,19.5455,24.9455,21.483,30.4,90.497856,3.5268087,5.0233693,Hujan
2024-02-07,Batu,19.3955,25.7955,21.872583,11.9,88.45057,3.184374,8.548411,Hujan
2024-02-08,Batu,19.245499,25.1955,21.470497,3.8,90.26493,3.6039383,9.155335,Berawan
2024-02-09,Batu,19.1455,25.2955,21.69758,8.3,89.529205,3.7863379,8.008469,Hujan
2024-02-10,Batu,19.6955,24.5455,21.641335,13.0,91.87954,3.7986155,6.0893936,Hujan
2024-02-11,Batu,19.0455,24.845499,21.35383,21.499998,92.339325,4.791001,8.296758,Hujan
2024-02-12,Batu,19.4455,25.6955,21.780914,19.400002,88.041145,3.9019372,9.043802,Hujan
2024-02-13,Batu,19.245499,25.3955,22.01425,19.199999,90.67077,3.5368094,9.0,Hujan
2024-02-14,Batu,20.3955,24.9455,22.355913,21.300001,91.23754,3.4362392,9.666915,Hujan
2024-02-15,Batu,19.6955,25.9455,22.4205,3.7999997,91.45237,4.288205,10.633792,Berawan
2024-02-16,Batu,19.9455,26.1455,22.597582,1.2,90.94907,5.1851873,11.237058,Berawan
2024-02-17,Batu,19.745499,24.995499,21.851746,2.6000001,91.09036,3.9306648,8.111351,Berawan
2024-02-18,Batu,19.9455,24.9455,21.832998,9.000001,89.753426,3.5585692,6.0046625,Hujan
2024-02-19,Batu,18.995499,26.3955,22.312164,40.4,88.67026,4.2154794,8.769628,Hujan
2024-02-20,Batu,20.0455,26.6955,22.899666,11.8,89.69361,3.4452055,9.927079,Hujan
2024-02-21,Batu,19.845499,26.7955,22.697584,4.0,89.80808,4.9039154,10.828793,Berawan
2024-02-22,Batu,19.6455,26.995499,22.778831,7.4999995,86.57645,4.366525,11.581493,Hujan
2024-02-23,Batu,20.5455,25.6455,22.480913,36.499992,89.38721,3.7063966,9.90494,Hujan
2024-02-24,Batu,20.3955,25.245499,22.249664,13.700001,91.617256,2.7492228,5.538339,Hujan
2024-02-25,Batu,19.9455,25.4455,22.266335,6.1999993,89.06997,2.992202,8.609551,Hujan
2024-02-26,Batu,19.4455,24.995499,21.849663,7.899999,87.76453,4.079308,8.569881,Hujan
2024-02-27,Batu,20.245499,24.845499,22.091333,1.1,89.23691,4.0840135,6.0,Berawan
2024-02-28,Batu,20.095499,24.845499,22.072584,34.399998,92.61255,2.9883807,9.64913,Hujan
2024-02-29,Batu,20.095499,26.0455,22.437166,34.5,89.06701,3.5518274,9.894318,Hujan
2024-03-01,Batu,20.1455,24.495499,21.989248,45.799995,90.989296,2.838704,8.009672,Hujan
2024-03-02,Batu,19.595499,24.6955,21.970503,24.7,90.13523,2.9442031,8.257941,Hujan
2024-03-03,Batu,20.1955,25.095499,22.1705,71.700005,90.726105,3.253093,8.582503,Hujan
2024-03-04,Batu,19.9455,24.6455,21.893417,39.999996,93.27329,3.7143726,5.694827,Hujan
2024-03-05,Batu,20.345499,25.4455,22.430914,79.2,91.81594,3.7541652,5.8394904,Hujan
2024-03-06,Batu,20.3955,26.0455,22.720499,50.2,90.802765,3.6121166,8.415806,Hujan
2024-03-07,Batu,20.7955,25.345499,22.530914,16.0,92.1004,3.185436,3.0234528,Hujan
2024-03-08,Batu,20.4455,25.745499,22.407999,25.8,90.58723,3.183983,6.1564226,Hujan
2024-03-09,Batu,20.6455,23.4455,21.912165,14.299999,88.784546,3.5277023,0.7244784,Hujan
2024-03-10,Batu,20.4455,25.095499,22.118416,6.7,82.566246,5.837048,3.3851156,Hujan
2024-03-11,Batu,20.2955,26.345499,22.74758,1.8,85.28241,3.7627602,4.5023913,Berawan
2024-03-12,Batu,20.995499,25.095499,22.69758,3.9999998,83.63042,7.936601,5.0831184,Berawan
2024-03-13,Batu,20.845499,24.6455,22.34758,8.1,85.80952,7.8412075,4.913518,Hujan
2024-03-14,Batu,21.0455,24.2955,22.291334,15.699999,87.12548,5.60295,1.9317497,Hujan
2024-03-15,Batu,20.595499,24.595499,22.320501,5.7999997,87.241585,3.72237,6.5653343,Hujan
2024-03-16,Batu,20.4455,27.1455,22.785082,1.1000001,81.95933,4.3829136,11.190238,Berawan
2024-03-17,Batu,20.0455,25.6955,22.19758,3.9999998,86.457756,2.8087168,11.26623,Berawan
2024-03-18,Batu,19.6455,26.245499,22.437166,0.90000004,79.23928,3.8685808,10.817164,Berawan
2024-03-19,Batu,19.095499,27.3955,22.416334,0.70000005,84.40481,4.6660924,11.628049,Berawan
2024-03-20,Batu,18.4455,26.1955,22.235079,4.6000004,81.41257,3.2507195,11.531729,Berawan
2024-03-21,Batu,19.5455,24.8955,21.714249,14.1,89.93694,3.2245085,9.299161,Hujan
2024-03-22,Batu,19.595499,25.345499,21.88508,1.5000001,90.43801,4.537256,10.0908985,Berawan
2024-03-23,Batu,18.7955,26.0455,22.162165,0.4,86.43043,5.8282776,11.156494,Berawan
2024-03-24,Batu,19.4455,25.595499,22.053827,0.70000005,88.98285,4.306315,10.982029,Berawan
2024-03-25,Batu,19.345499,24.6955,21.853836,15.8,88.9522,3.786363,10.429404,Hujan
2024-03-26,Batu,19.845499,25.2955,22.122581,17.800003,90.845245,3.563601,10.297631,Hujan
2024-03-27,Batu,19.3955,24.995499,21.593414,57.599995,92.102844,4.1499705,8.061968,Hujan
2024-03-28,Batu,19.9455,24.9455,21.557999,50.399994,94.10955,3.9069438,7.0945616,Hujan
2024-03-29,Batu,19.845499,24.595499,22.068415,2.4,91.65266,4.3290443,11.02565,Berawan
2024-03-30,Batu,20.3955,26.1455,22.816336,1.7000002,88.89777,4.575844,11.058688,Berawan
2024-03-31,Batu,20.7955,25.595499,22.487167,15.700001,93.00736,5.962414,10.774471,Hujan
2024-04-01,Batu,20.3955,25.3955,21.945498,14.3,94.2364,4.590204,7.1578436,Hujan
2024-04-02,Batu,20.3955,24.745499,22.112165,1.6000001,93.73849,4.619595,7.734024,Berawan
2024-04-03,Batu,20.1955,25.7955,22.770498,2.2,90.5313,4.394002,10.688954,Berawan
2024-04-04,Batu,20.745499,26.345499,22.755915,2.6999998,91.67214,5.1618443,10.2315,Berawan
2024-04-05,Batu,19.9455,25.6955,22.6205,1.6000001,89.48053,4.304593,10.305199,Berawan
2024-04-06,Batu,18.3955,26.745499,22.476751,1.4,83.09505,5.068759,11.0,Berawan
2024-04-07,Batu,19.2955,25.4455,21.983,38.6,90.111595,3.3385706,8.342944,Hujan
2024-04-08,Batu,20.3955,24.745499,22.262167,10.900002,91.91566,2.941559,4.298739,Hujan
2024-04-09,Batu,20.245499,24.745499,22.162163,22.800001,91.816154,2.6110673,5.8601413,Hujan
2024-04-10,Batu,19.845499,24.6455,21.75383,68.30001,92.81119,3.127181,6.63795,Hujan
2024-04-11,Batu,20.2955,24.7955,21.808,15.6,92.59574,3.2325127,3.8589425,Hujan
2024-04-12,Batu,20.345499,25.995499,22.457998,1.5000001,88.82635,4.381001,9.568527,Berawan
2024-04-13,Batu,19.745499,26.1955,22.199663,4.5,89.97524,4.438928,11.0,Berawan
2024-04-14,Batu,19.6955,25.2955,22.20175,6.2000003,91.16742,3.8439312,9.832843,Hujan
2024-04-15,Batu,19.8955,25.995499,22.608,2.6,89.58505,4.202619,11.0,Berawan
2024-04-16,Batu,19.6455,25.495499,22.318413,0.1,88.47816,4.3538656,11.186664,Berawan
2024-04-17,Batu,20.345499,24.4455,21.843416,2.8,93.090485,4.060098,5.4995575,Berawan
2024-04-18,Batu,20.1455,24.745499,21.922583,26.000002,91.2359,3.3459857,9.068659,Hujan
2024-04-19,Batu,19.5455,25.3955,22.012167,8.0,92.81255,3.7805302,10.0,Hujan
2024-04-20,Batu,19.495499,25.6455,22.507996,5.1,89.41095,3.7052188,11.055827,Hujan
2024-04-21,Batu,20.6455,24.8955,22.28508,17.6,91.00867,3.2937107,7.6041775,Hujan
2024-04-22,Batu,20.6455,24.1455,22.278833,15.300002,93.01047,3.5997758,7.494152,Hujan
2024-04-23,Batu,20.745499,25.095499,22.358,83.799995,91.49015,3.5771275,6.0443773,Hujan
2024-04-24,Batu,20.3955,25.495499,22.333,51.29999,92.10153,2.825231,6.158302,Hujan
2024-04-25,Batu,20.3955,24.095499,21.883001,8.900001,93.03855,3.3090222,1.4887772,Hujan
2024-04-26,Batu,19.595499,26.3955,22.568415,8.099999,88.45499,4.3234,10.152501,Hujan
2024-04-27,Batu,19.4455,26.995499,22.755919,0.4,84.868774,5.307071,11.0,Berawan
2024-04-28,Batu,19.995499,25.2955,22.424667,2.2999997,88.90235,3.9866018,10.410189,Berawan
2024-04-29,Batu,19.9455,25.6455,22.499664,0.5,90.724266,3.5040789,10.475462,Berawan
2024-04-30,Batu,20.1955,25.5455,22.358002,3.5,93.72433,4.440518,11.0,Berawan
2024-05-01,Batu,20.1455,26.1455,22.672583,1.9000001,90.847725,4.504874,11.0,Berawan
2024-05-02,Batu,20.1955,24.595499,22.124664,4.0,93.20514,4.706547,11.0,Berawan
2024-05-03,Batu,19.245499,25.2955,22.191332,3.3999996,92.39474,4.0625143,11.0,Berawan
2024-05-04,Batu,19.4455,24.8955,21.564249,0.0,88.49059,6.375105,10.088158,Cerah
2024-05-05,Batu,18.095499,24.9455,20.789248,0.0,82.13723,6.044083,11.133857,Cerah
2024-05-06,Batu,17.995499,24.9455,21.118416,1.5000001,82.3249,5.1858993,11.079482,Berawan
2024-05-07,Batu,18.0455,25.345499,21.328829,7.9,90.513985,4.738264,10.229874,Hujan
2024-05-08,Batu,19.0455,25.495499,21.768415,12.9,89.240395,3.380996,10.832872,Hujan
2024-05-09,Batu,19.1455,23.845499,21.445501,15.900001,90.45163,3.6764956,10.452596,Hujan
2024-05-10,Batu,18.595499,26.595499,22.397581,0.6,86.533264,4.054026,11.072982,Berawan
2024-05-11,Batu,19.595499,24.9455,21.91633,3.8000002,89.982666,3.773326,11.006616,Berawan
2024-05-12,Batu,19.2955,26.245499,22.337166,0.8000001,84.05254,5.0617757,11.0758915,Berawan
2024-05-13,Batu,18.3955,25.095499,21.699663,3.8,83.07911,4.036676,11.077441,Berawan
2024-05-14,Batu,18.9455,25.6455,22.008001,0.1,86.42216,4.558863,11.079062,Berawan
2024-05-15,Batu,18.3955,24.345499,21.35383,2.8000002,91.047874,4.2683854,11.012585,Berawan
2024-05-16,Batu,18.3955,25.245499,21.928831,0.4,85.86085,4.7921424,11.014255,Berawan
2024-05-17,Batu,19.495499,25.9455,22.020498,1.0,90.458015,4.9769244,11.084362,Berawan
2024-05-18,Batu,19.4455,25.595499,21.966333,1.9,88.025856,4.6383514,11.017777,Berawan
2024-05-19,Batu,18.6955,25.095499,21.712166,0.5,87.70985,4.889306,11.0,Berawan
2024-05-20,Batu,18.2955,24.0455,21.416334,2.0,92.30015,4.473362,10.877827,Berawan
2024-05-21,Batu,18.2955,24.6455,21.287169,3.3000002,90.06304,4.662589,11.023444,Berawan
2024-05-22,Batu,18.495499,24.7955,21.55175,2.8000002,88.25241,3.8819678,10.31157,Berawan
2024-05-23,Batu,19.0455,24.5455,21.424667,11.700001,90.997536,3.5727038,8.620973,Hujan
2024-05-24,Batu,18.845499,25.9455,21.812164,13.900002,88.80598,4.435089,8.0,Hujan
2024-05-25,Batu,20.595499,25.1955,22.091333,11.000001,90.56247,3.54814,8.528145,Hujan
2024-05-26,Batu,18.995499,24.745499,21.828833,14.700001,90.72199,3.9522212,11.017985,Hujan
2024-05-27,Batu,19.495499,25.745499,22.049662,5.3,88.00153,3.7067034,11.0,Hujan
2024-05-28,Batu,18.8955,25.8955,21.833,3.9,85.79565,3.7714703,11.037713,Berawan
2024-05-29,Batu,18.595499,26.3955,22.057999,2.9,84.07623,5.06255,11.039796,Berawan
2024-05-30,Batu,18.995499,25.345499,21.707994,1.9000001,91.19193,4.5122976,11.0,Berawan
2024-05-31,Batu,19.2955,25.3955,21.964249,4.6,91.208824,4.3561854,10.862848,Berawan
2024-06-01,Batu,19.595499,25.745499,22.357996,3.4999998,87.20078,4.264271,11.0,Berawan
2024-06-02,Batu,19.5455,24.6455,21.768417,2.1999998,90.42118,4.1526985,10.399878,Berawan
2024-06-03,Batu,20.1455,24.5455,21.937166,1.4000001,87.63105,6.1577115,11.0,Berawan
2024-06-04,Batu,18.245499,24.845499,21.530916,0.0,84.99004,5.4216895,11.0,Cerah
2024-06-05,Batu,18.745499,25.2955,21.3705,0.6,86.92521,6.0121284,11.0,Berawan
2024-06-06,Batu,18.495499,25.1955,21.430914,0.2,81.55595,5.125391,11.0,Berawan
2024-06-07,Batu,17.595499,24.8955,20.878832,6.5999994,89.11142,3.7018285,10.451552,Hujan
2024-06-08,Batu,18.745499,25.6455,21.955917,5.1,89.06033,4.464203,10.392146,Hujan
2024-06-09,Batu,19.3955,24.8955,21.624664,6.1,90.84344,4.26801,7.869193,Hujan
2024-06-10,Batu,19.095499,25.3955,22.078835,2.2999997,90.48334,4.356453,11.0,Berawan
2024-06-11,Batu,18.995499,24.8955,21.778831,1.8000002,89.74091,4.7215357,11.0,Berawan
2024-06-12,Batu,19.5455,25.345499,21.678833,2.5,90.58083,4.9306865,11.0,Berawan
2024-06-13,Batu,19.0455,24.3955,21.143415,44.2,91.57165,3.4095407,8.874559,Hujan
2024-06-14,Batu,19.0455,24.5455,21.260084,11.499999,90.01194,3.2748804,8.782134,Hujan
2024-06-15,Batu,18.595499,24.6455,21.01425,4.0,92.059814,4.2710085,10.839323,Berawan
2024-06-16,Batu,17.6955,24.745499,21.155916,0.3,84.54345,4.092924,11.0,Berawan
2024-06-17,Batu,18.245499,25.845499,21.76008,0.3,85.09413,4.907338,11.0,Berawan
2024-06-18,Batu,16.8955,24.6955,20.630915,0.0,81.41467,4.7056265,11.0,Cerah
2024-06-19,Batu,16.7955,23.6955,20.043415,0.0,83.22723,4.336423,11.0,Cerah
2024-06-20,Batu,16.6955,24.6955,20.4205,0.0,84.62742,4.7300997,11.0,Cerah
2024-06-21,Batu,16.6455,23.8955,19.970499,0.0,86.98328,5.7334037,11.0,Cerah
2024-06-22,Batu,16.9455,24.0455,20.108,0.70000005,86.98614,5.402965,11.0,Berawan
2024-06-23,Batu,17.7955,23.845499,20.512167,1.9,88.73541,5.168592,11.0,Berawan
2024-06-24,Batu,19.245499,23.4455,21.028831,2.8999999,91.52023,4.9542747,11.0,Berawan
2024-06-25,Batu,18.1955,24.0455,20.949667,11.000001,90.57186,4.323992,10.997127,Hujan
2024-06-26,Batu,18.595499,25.4455,21.537165,4.2,88.526024,4.350989,11.0,Berawan
2024-06-27,Batu,18.745499,25.995499,21.887163,5.9999995,85.95145,4.3702593,9.502577,Hujan
2024-06-28,Batu,18.6955,25.5455,21.755919,1.9000001,88.99991,4.5847983,11.0,Berawan
2024-06-29,Batu,19.345499,24.8955,21.718416,0.2,86.73584,5.1699457,11.0,Berawan
2024-06-30,Batu,18.745499,25.345499,21.782999,0.0,86.38134,5.8443317,11.0,Cerah
2024-07-01,Batu,19.3955,24.345499,21.516333,1.6,87.37473,5.389876,10.99338,Berawan
2024-07-02,Batu,18.595499,23.1955,20.626749,3.9,92.85441,4.912271,7.704334,Berawan
2024-07-03,Batu,18.9455,24.8955,21.414248,0.70000005,88.37472,4.8429775,7.9716263,Berawan
2024-07-04,Batu,19.0455,22.8955,20.77883,4.6,93.2283,3.3049695,6.067466,Berawan
2024-07-05,Batu,18.1455,24.2955,20.797585,0.5,89.7463,4.554944,11.0,Berawan
2024-07-06,Batu,17.8955,24.6955,21.051748,1.8000002,84.67927,4.6189017,11.0,Berawan
2024-07-07,Batu,17.7955,24.745499,20.82258,0.3,87.44803,5.0251365,11.0,Berawan
2024-07-08,Batu,17.2955,24.8955,20.76425,0.0,84.000084,4.978219,11.0,Cerah
2024-07-09,Batu,17.745499,25.6455,21.224667,0.0,82.924416,4.7413383,11.025824,Cerah
2024-07-10,Batu,17.245499,24.8955,20.949667,0.3,81.54863,5.985394,11.0,Berawan
2024-07-11,Batu,16.995499,23.3955,20.04133,0.2,80.921524,7.328782,11.0,Berawan
2024-07-12,Batu,15.8955,23.3955,19.835083,0.0,82.74628,5.67163,11.020144,Cerah
2024-07-13,Batu,16.095499,22.245499,18.749664,0.0,86.79791,7.150549,11.018277,Cerah
2024-07-14,Batu,14.745501,23.495499,19.014252,0.0,81.39283,5.338818,11.016405,Cerah
2024-07-15,Batu,15.245501,22.9455,18.828833,0.0,84.08226,6.6850023,11.014547,Cerah
2024-07-16,Batu,16.9455,24.1955,20.293415,0.0,87.41959,5.676685,10.92355,Cerah
2024-07-17,Batu,15.8455,25.1955,19.92675,0.0,80.50179,4.951453,11.149193,Cerah
2024-07-18,Batu,15.745501,24.845499,19.903833,0.0,79.199394,5.355306,11.0,Cerah
2024-07-19,Batu,16.4455,25.345499,20.405914,0.0,79.79223,6.199623,11.0,Cerah
2024-07-20,Batu,16.595499,24.495499,20.207998,0.1,85.91311,5.722982,11.0,Berawan
2024-07-21,Batu,17.1455,23.0455,19.870499,0.3,88.22769,5.953581,11.003789,Berawan
2024-07-22,Batu,16.1955,23.6955,19.741331,0.0,88.17169,5.9236946,11.002111,Cerah
2024-07-23,Batu,17.4455,24.345499,20.551748,0.90000004,88.46686,6.1230497,10.521622,Berawan
2024-07-24,Batu,17.8955,24.5455,20.582998,0.0,85.21293,5.759024,10.338528,Cerah
2024-07-25,Batu,16.5455,24.9455,20.618416,0.0,78.59584,5.9615083,9.990922,Cerah
2024-07-26,Batu,16.6955,24.4455,20.395502,0.0,81.798096,5.446191,11.064255,Cerah
2024-07-27,Batu,17.4455,25.6955,20.687166,2.2,86.53229,5.30295,11.0,Berawan
2024-07-28,Batu,17.6955,24.345499,20.176748,3.1000001,91.21439,5.783179,11.06133,Berawan
2024-07-29,Batu,16.9455,24.4455,20.280916,2.7,89.64828,5.214806,11.0,Berawan
2024-07-30,Batu,18.6955,24.345499,20.905916,3.4999998,90.259834,5.006167,10.311147,Berawan
2024-07-31,Batu,18.345499,24.745499,21.060083,2.3,89.75399,4.9613366,10.969375,Berawan
2024-08-01,Batu,18.245499,24.745499,21.057997,1.0,89.2526,4.3876233,11.0,Berawan
2024-08-02,Batu,18.495499,25.1455,21.153833,5.0999994,90.23704,4.311601,10.824258,Hujan
2024-08-03,Batu,18.9455,26.245499,21.605917,0.90000004,80.23379,5.9464965,11.0543165,Berawan
2024-08-04,Batu,17.4455,24.845499,20.5455,0.0,84.03583,6.0552187,11.120841,Cerah
2024-08-05,Batu,16.3955,25.495499,20.66633,0.0,70.63174,5.334571,11.119863,Cerah
2024-08-06,Batu,16.2955,24.595499,20.187168,0.1,83.39175,6.1873283,11.0,Berawan
2024-08-07,Batu,18.095499,25.4455,21.262167,1.8,87.28155,5.1353464,11.0,Berawan
2024-08-08,Batu,18.0455,24.745499,20.960081,2.4,87.82354,5.6679544,11.050214,Berawan
2024-08-09,Batu,18.8955,25.245499,21.328833,0.2,87.67516,6.4998784,10.80734,Berawan
2024-08-10,Batu,18.1455,25.095499,20.949667,0.3,86.572624,5.8501644,11.048994,Berawan
2024-08-11,Batu,16.3955,24.095499,19.643417,0.0,76.24499,7.2379875,11.115239,Cerah
2024-08-12,Batu,14.495501,24.345499,19.07675,0.0,70.213615,6.6477942,11.24801,Cerah
2024-08-13,Batu,15.4455,24.5455,19.6705,0.6,80.99471,6.178089,11.0476,Berawan
2024-08-14,Batu,16.4455,25.6955,20.701746,0.0,79.83381,6.878519,11.047251,Cerah
2024-08-15,Batu,16.6955,25.1455,20.22675,0.0,82.52134,7.043514,11.046959,Cerah
2024-08-16,Batu,15.8955,24.5455,19.712166,0.0,82.6833,5.7233124,11.113007,Cerah
2024-08-17,Batu,17.345499,24.6955,20.628832,0.0,77.131905,5.2190204,11.112733,Cerah
2024-08-18,Batu,17.5455,25.6955,21.164248,0.2,79.80217,7.1507196,11.039043,Berawan
2024-08-19,Batu,16.8955,25.995499,20.60383,0.2,81.00109,6.1797166,11.14775,Berawan
2024-08-20,Batu,16.9455,26.3955,21.037165,0.0,79.05416,5.8289933,11.046291,Cerah
2024-08-21,Batu,18.1455,25.8955,21.297583,0.1,78.681526,5.3436418,11.046346,Berawan
2024-08-22,Batu,17.495499,26.6455,21.383001,1.1,77.39646,5.666156,10.000551,Berawan
2024-08-23,Batu,17.345499,25.245499,20.685081,0.0,85.78836,6.306114,11.046706,Cerah
2024-08-24,Batu,17.7955,24.495499,20.374666,0.0,82.81061,8.441416,11.047,Cerah
2024-08-25,Batu,16.9455,25.8955,20.880915,4.7999997,81.45584,6.6366096,11.077324,Berawan
2024-08-26,Batu,18.0455,25.845499,21.374666,0.0,80.40742,6.3381143,11.120758,Cerah
2024-08-27,Batu,17.4455,25.3955,20.803831,0.0,75.10662,7.922633,11.0,Cerah
2024-08-28,Batu,17.245499,27.095499,21.38508,0.0,74.28482,6.3480124,11.178214,Cerah
2024-08-29,Batu,17.9455,25.3955,20.972582,0.0,73.05533,7.3202357,11.049425,Cerah
2024-08-30,Batu,17.3955,26.4455,21.19758,0.0,68.39075,6.6115294,11.30055,Cerah
2024-08-31,Batu,17.4455,26.095499,20.930914,0.0,82.508766,6.010144,11.050752,Cerah
2024-09-01,Batu,18.0455,25.6955,20.891333,2.1999998,88.21151,5.774672,10.425802,Berawan
2024-09-02,Batu,18.595499,27.095499,21.780914,0.0,82.17337,6.5870557,11.15821,Cerah
2024-09-03,Batu,17.245499,26.6955,21.330915,1.5,81.896225,6.151733,10.796464,Berawan
2024-09-04,Batu,17.845499,26.745499,21.76425,2.1,81.8745,5.8461647,11.096503,Berawan
2024-09-05,Batu,18.8955,25.8955,21.851746,1.4,87.23993,5.2926354,11.081511,Berawan
2024-09-06,Batu,18.1455,26.995499,22.135084,0.0,77.11907,6.5607786,11.272041,Cerah
2024-09-07,Batu,18.3955,26.6455,22.230917,0.2,79.398445,6.8776717,11.147028,Berawan
2024-09-08,Batu,18.595499,26.845499,22.245499,2.1,84.85096,6.1418376,11.077566,Berawan
2024-09-09,Batu,17.9455,26.495499,21.7955,2.6,78.76571,4.6865444,10.87967,Berawan
2024-09-10,Batu,18.845499,25.595499,21.235083,4.9999995,88.43829,4.5160127,10.549884,Berawan
2024-09-11,Batu,19.1455,26.1955,21.7705,0.70000005,85.51026,5.973289,11.0,Berawan
2024-09-12,Batu,18.0455,26.0455,21.560083,0.0,82.88609,6.5743456,11.187793,Cerah
2024-09-13,Batu,17.3955,26.595499,21.374666,0.0,73.26632,8.342706,11.441052,Cerah
2024-09-14,Batu,16.6455,26.5455,21.328833,0.3,73.661896,6.507829,11.563477,Berawan
2024-09-15,Batu,16.9455,26.595499,21.339249,0.0,66.472466,7.2702928,11.430959,Cerah
2024-09-16,Batu,17.0455,25.5455,20.724669,0.5,76.731346,6.4275703,11.426656,Berawan
2024-09-17,Batu,16.4955,26.345499,20.824667,0.0,61.00713,7.5438943,11.4872675,Cerah
2024-09-18,Batu,15.8955,26.745499,20.533,0.0,70.909096,7.4404783,11.483512,Cerah
2024-09-19,Batu,16.5455,28.8955,21.530916,0.2,74.227196,6.720184,11.600408,Berawan
2024-09-20,Batu,17.345499,28.745499,22.35383,0.1,74.95004,5.2711186,11.604728,Berawan
2024-09-21,Batu,17.5455,28.5455,22.439247,0.2,71.14253,5.19065,11.6222925,Berawan
2024-09-22,Batu,18.6955,28.5455,23.193415,3.1000001,72.27735,4.41854,11.202815,Berawan
2024-09-23,Batu,19.4455,25.7955,22.185083,32.5,85.39115,3.9338028,11.584543,Hujan
2024-09-24,Batu,18.7955,25.5455,21.462166,33.3,86.73464,3.713608,7.4215884,Hujan
2024-09-25,Batu,19.0455,25.745499,21.537165,44.699997,87.934105,3.609434,8.260442,Hujan
2024-09-26,Batu,19.1955,26.4455,21.762167,5.2,85.496086,4.04399,8.133311,Hujan
2024-09-27,Batu,18.745499,26.0455,21.922585,1.4000001,85.84479,4.268511,11.579802,Berawan
2024-09-28,Batu,18.2955,27.845499,22.68508,0.1,78.74463,5.711095,11.681048,Berawan
2024-09-29,Batu,18.8955,27.8955,22.647581,1.2,79.3092,5.7261233,11.23546,Berawan
2024-09-30,Batu,19.1955,27.9455,22.845497,0.8000001,75.429985,6.0301633,11.698579,Berawan
2024-10-01,Batu,18.995499,27.0455,22.128832,1.8,78.392235,5.7137866,10.827244,Berawan
2024-10-02,Batu,18.6455,25.995499,21.824663,8.8,83.829506,6.119627,11.716101,Hujan
2024-10-03,Batu,17.845499,27.3955,21.993418,1.0,72.41178,6.2810264,11.606421,Berawan
2024-10-04,Batu,18.245499,26.495499,22.064247,1.3000001,82.84304,5.2699065,11.733608,Berawan
2024-10-05,Batu,18.8955,26.6955,22.476748,0.2,80.20776,6.1470757,11.5987425,Berawan
2024-10-06,Batu,19.0455,27.5455,22.722582,1.2,79.7463,6.3997865,11.750958,Berawan
2024-10-07,Batu,19.1955,27.495499,22.422583,1.9000001,81.19607,6.6012826,11.759529,Berawan
2024-10-08,Batu,19.5455,26.495499,22.543417,1.7000002,83.3078,5.8565674,11.471012,Berawan
2024-10-09,Batu,19.095499,28.0455,22.641333,1.6000001,82.43087,6.6627655,11.776376,Berawan
2024-10-10,Batu,18.8955,29.1955,23.064249,0.1,74.54101,6.0431504,11.784614,Berawan
2024-10-11,Batu,18.5455,27.995499,22.960081,2.0,73.824394,5.46387,11.7927065,Berawan
2024-10-12,Batu,19.495499,29.995499,24.1705,0.0,68.34166,6.4103827,11.800636,Cerah
2024-10-13,Batu,19.9455,28.095499,23.455915,0.4,78.14872,5.031683,11.675581,Berawan
2024-10-14,Batu,19.9455,29.1455,23.453829,0.4,78.208954,6.8243217,11.373375,Berawan
2024-10-15,Batu,19.3955,27.245499,22.755919,0.0,60.986404,8.542176,11.631167,Cerah
2024-10-16,Batu,17.6455,26.5455,21.528831,0.0,60.44151,9.240182,11.830352,Cerah
2024-10-17,Batu,18.1955,26.6455,21.34758,0.2,73.84122,8.259203,11.788559,Berawan
2024-10-18,Batu,17.3955,27.1955,21.280916,9.000001,84.04896,5.6523175,10.843755,Hujan
2024-10-19,Batu,18.7955,26.845499,22.124666,3.6000001,84.06917,5.270147,11.850028,Berawan
2024-10-20,Batu,18.6955,26.495499,21.466333,5.6,86.32599,4.8183336,9.998722,Hujan
2024-10-21,Batu,19.845499,23.995499,21.249662,58.7,91.59903,4.5439253,9.909787,Hujan
2024-10-22,Batu,18.745499,25.345499,21.455917,3.1,88.845856,6.121531,11.820522,Berawan
2024-10-23,Batu,19.0455,25.095499,21.45175,1.1000001,90.73579,7.167492,10.766919,Berawan
2024-10-24,Batu,19.1455,25.0455,21.437166,2.8,89.012245,5.2819552,11.679742,Berawan
2024-10-25,Batu,19.3955,24.6455,21.593412,2.9999998,90.552025,5.996982,11.884291,Berawan
2024-10-26,Batu,18.745499,25.495499,21.487165,1.8000001,90.37905,5.8641706,11.743419,Berawan
2024-10-27,Batu,19.345499,26.595499,22.151749,0.8,88.266815,5.353941,11.894397,Berawan
2024-10-28,Batu,19.6455,27.095499,22.545502,1.9,87.45818,6.2869363,11.807966,Berawan
2024-10-29,Batu,20.095499,27.1955,22.560083,0.2,86.82955,6.935126,11.284151,Berawan
2024-10-30,Batu,20.1955,26.845499,22.57258,1.8000002,87.08944,5.545152,11.908014,Berawan
2024-10-31,Batu,19.345499,26.995499,22.660082,2.7999997,87.636314,5.2872667,11.912097,Berawan
2024-11-01,Batu,19.1955,26.595499,22.251747,12.699999,87.6603,3.937581,7.4169602,Hujan
2024-11-02,Batu,19.245499,26.0455,22.243418,6.5,84.27583,4.7715144,11.919516,Hujan
2024-11-03,Batu,19.0455,26.2955,22.028831,1.2,84.4555,5.281633,8.878394,Berawan
2024-11-04,Batu,19.245499,25.6455,21.893412,3.9999998,85.36202,4.3386884,10.660903,Berawan
2024-11-05,Batu,18.495499,26.095499,22.207994,2.2,81.85454,4.694885,11.928593,Berawan
2024-11-06,Batu,18.6955,27.2955,22.726748,0.0,70.67892,6.0434456,11.943692,Cerah
2024-11-07,Batu,18.745499,27.2955,22.355917,0.1,72.00985,6.098802,11.944179,Berawan
2024-11-08,Batu,17.995499,26.6455,22.041334,1.0,79.062935,5.9170237,10.669602,Berawan
2024-11-09,Batu,19.8955,26.345499,22.333,17.9,86.93243,4.638643,9.936408,Hujan
2024-11-10,Batu,19.2955,26.7955,22.222586,7.2999997,87.395,5.0425186,11.8806095,Hujan
2024-11-11,Batu,19.2955,26.595499,22.23925,4.1000004,84.13488,5.3335056,11.938524,Berawan
2024-11-12,Batu,18.995499,26.7955,22.499666,1.9000001,82.595406,4.890776,11.815628,Berawan
2024-11-13,Batu,19.6955,27.345499,22.914251,5.0,81.526344,4.6406126,11.939538,Berawan
2024-11-14,Batu,19.7955,27.5455,23.208,0.4,76.6612,4.7353444,11.939635,Berawan
2024-11-15,Batu,19.9455,29.595499,23.749664,0.2,75.082115,6.0754976,11.939468,Berawan
2024-11-16,Batu,19.8955,27.1955,22.899664,4.6999993,81.452286,4.4256845,11.939035,Berawan
2024-11-17,Batu,19.6455,27.4455,22.97883,4.9,80.91207,5.2353005,11.938341,Berawan
2024-11-18,Batu,19.345499,27.495499,22.630913,9.500001,84.99621,4.4931784,11.353566,Hujan
2024-11-19,Batu,19.9455,26.845499,22.412165,4.7,86.70429,4.4879622,9.904352,Berawan
2024-11-20,Batu,19.3955,26.9455,22.48925,6.2999997,86.020424,3.8685138,10.054583,Hujan
2024-11-21,Batu,19.7955,26.495499,22.401749,4.1,86.58428,3.611529,8.206997,Berawan
2024-11-22,Batu,20.6455,26.7955,22.60383,2.6999998,84.524345,3.9286916,8.357963,Berawan
2024-11-23,Batu,20.345499,26.5455,22.403831,3.8999999,87.851074,4.202497,8.928078,Berawan
2024-11-24,Batu,19.845499,25.8955,21.930918,5.4999995,88.9244,4.067612,7.757835,Hujan
2024-11-25,Batu,19.495499,26.3955,22.164251,6.7999997,88.53329,3.8049366,7.2817845,Hujan
2024-11-26,Batu,19.8955,26.4455,22.266333,25.3,90.84225,3.8328054,9.731857,Hujan
2024-11-27,Batu,19.6955,26.2955,22.155914,20.400002,88.06583,4.398389,9.127399,Hujan
2024-11-28,Batu,20.095499,24.095499,21.362165,29.900003,94.970314,5.459256,3.1280599,Hujan
2024-11-29,Batu,20.0455,23.7955,21.308,14.000001,95.1179,6.078677,5.5325804,Hujan
2024-11-30,Batu,19.6455,23.995499,21.097582,42.3,95.970795,4.841558,4.6493406,Hujan
2024-12-01,Batu,19.845499,24.0455,21.249664,13.400002,95.42062,4.1342344,2.5861974,Hujan
2024-12-02,Batu,19.8955,25.7955,21.901749,2.1,88.61576,4.166227,8.523461,Berawan
2024-12-03,Batu,18.9455,26.8955,22.022583,14.300001,84.82503,4.991739,10.804931,Hujan
2024-12-04,Batu,19.3955,26.345499,21.545502,31.199999,91.14438,3.6278057,6.70281,Hujan
2024-12-05,Batu,19.745499,26.8955,22.114248,19.399998,89.78857,4.302887,9.673444,Hujan
2024-12-06,Batu,19.8955,23.995499,21.328833,23.5,91.732796,3.6542654,3.966384,Hujan
2024-12-07,Batu,19.345499,26.0455,21.782999,14.500001,88.935425,3.501548,8.294958,Hujan
2024-12-08,Batu,19.595499,26.3955,22.157999,18.5,88.7529,3.295623,8.283275,Hujan
2024-12-09,Batu,19.595499,23.995499,21.153831,15.2,95.07489,6.011904,5.2947817,Hujan
2024-12-10,Batu,19.4455,26.495499,21.610083,16.900002,90.02267,6.560587,8.820948,Hujan
2024-12-11,Batu,19.6955,25.745499,21.685081,10.699999,90.03712,4.719136,6.237897,Hujan
2024-12-12,Batu,19.6955,23.6455,21.095499,19.500002,92.730034,3.9592185,4.710089,Hujan
2024-12-13,Batu,19.3955,27.1955,22.137163,20.200003,85.99545,5.023347,6.641486,Hujan
2024-12-14,Batu,19.6955,24.095499,21.332998,47.600002,93.56555,3.4080808,3.2006154,Hujan
2024-12-15,Batu,20.0455,25.3955,21.764252,63.6,91.00416,3.4025369,5.854729,Hujan
2024-12-16,Batu,19.995499,24.995499,21.612165,32.6,91.31863,3.4260392,2.5196588,Hujan
2024-12-17,Batu,20.1455,25.7955,21.743416,39.699997,89.09897,2.959727,6.771063,Hujan
2024-12-18,Batu,19.3955,24.8955,21.478834,4.799999,88.95886,4.843187,9.656997,Berawan
2024-12-19,Batu,19.345499,27.9455,22.591331,1.0000001,79.850174,4.7172375,11.587581,Berawan
2024-12-20,Batu,20.0455,27.0455,22.320498,17.1,86.74301,3.8706884,8.235855,Hujan
2024-12-21,Batu,19.995499,26.7955,21.78092,10.1,90.35907,3.4308953,6.0262957,Hujan
2024-12-22,Batu,19.9455,25.4455,21.682999,12.9,87.83676,4.4047585,6.3308506,Hujan
2024-12-23,Batu,18.995499,27.6455,21.828833,15.2,88.76966,5.100176,9.194634,Hujan
2024-12-24,Batu,18.9455,26.4455,21.718414,19.300001,88.35554,5.364937,8.883821,Hujan
2024-12-25,Batu,20.1955,26.3955,21.82675,13.1,87.63912,3.9131477,6.0162477,Hujan
2024-12-26,Batu,18.995499,25.2955,21.143415,14.5,92.955025,5.476097,6.46074,Hujan
2024-12-27,Batu,19.595499,25.6955,21.880915,3.5,86.99808,6.0912995,9.288561,Berawan
2024-12-28,Batu,19.495499,24.1455,21.166332,5.5,92.24378,5.501483,5.384218,Hujan
2024-12-29,Batu,19.0455,21.995499,20.305918,13.0,95.080894,5.582489,0.0,Hujan
2024-12-30,Batu,19.2955,26.095499,21.583002,32.799995,88.47333,4.3456106,8.402773,Hujan
2024-12-31,Batu,19.495499,25.245499,21.38508,51.499996,90.41697,2.887571,5.8006196,Hujan
2023-01-01,Surabaya,23.55,27.9,25.422915,9.400001,87.434654,17.07477,6.3726254,Hujan
2023-01-02,Surabaya,24.2,28.85,26.424997,3.3999999,83.0615,19.884472,10.767892,Berawan
2023-01-03,Surabaya,24.2,30.55,26.727087,4.7,80.42269,19.298883,11.159036,Berawan
2023-01-04,Surabaya,24.75,30.8,26.856249,7.7999997,79.39043,18.798899,11.268786,Hujan
2023-01-05,Surabaya,24.7,30.85,27.308332,2.8000002,78.76104,14.254524,11.589416,Berawan
2023-01-06,Surabaya,25.45,31.1,27.479166,11.3,78.70768,8.061602,9.0317955,Hujan
2023-01-07,Surabaya,24.7,31.65,27.291666,2.7,78.31829,6.8454328,11.442523,Berawan
2023-01-08,Surabaya,24.35,29.95,26.725,4.5999994,86.08521,3.9626272,10.09888,Berawan
2023-01-09,Surabaya,23.4,30.2,26.158333,12.700001,86.40186,4.8046436,9.884008,Hujan
2023-01-10,Surabaya,23.9,30.1,26.643751,1.6,84.395996,5.9861493,11.825524,Berawan
2023-01-11,Surabaya,25.1,31.05,27.772913,2.4,79.82337,4.954484,11.856965,Berawan
2023-01-12,Surabaya,24.9,30.65,27.464584,1.7,81.35444,4.186045,11.93498,Berawan
2023-01-13,Surabaya,24.3,30.8,27.393751,2.6999998,80.025734,7.004287,11.342005,Berawan
2023-01-14,Surabaya,24.75,31.55,27.708336,2.2,78.915794,8.696744,11.825401,Berawan
2023-01-15,Surabaya,24.9,30.6,27.13125,7.1,82.85001,10.53327,10.468914,Hujan
2023-01-16,Surabaya,24.55,30.1,26.506248,10.000001,86.32351,9.377574,6.199005,Hujan
2023-01-17,Surabaya,24.85,30.1,26.55625,10.3,86.890724,7.547567,7.5896287,Hujan
2023-01-18,Surabaya,24.25,29.95,25.833338,17.600002,88.235985,6.6406255,5.080357,Hujan
2023-01-19,Surabaya,24.15,30.2,26.23542,8.2,86.35266,9.263178,8.94651,Hujan
2023-01-20,Surabaya,23.85,29.8,26.347916,6.9,86.02308,4.57557,9.2970295,Hujan
2023-01-21,Surabaya,24.05,30.15,26.427084,16.6,85.6658,5.156014,9.17686,Hujan
2023-01-22,Surabaya,24.15,30.15,26.479164,9.7,86.29644,4.9050055,11.865016,Hujan
2023-01-23,Surabaya,24.55,30.35,27.224998,4.1,82.25184,4.4649687,11.847561,Berawan
2023-01-24,Surabaya,24.35,30.4,27.075003,7.3999996,84.327484,5.136155,11.00693,Hujan
2023-01-25,Surabaya,24.25,29.35,26.129166,11.400001,87.08718,7.729401,9.183034,Hujan
2023-01-26,Surabaya,24.5,29.6,25.974997,28.500002,87.34546,7.049511,5.9086576,Hujan
2023-01-27,Surabaya,24.6,29.25,25.96667,15.4,89.111305,10.382142,4.976639,Hujan
2023-01-28,Surabaya,24.2,28.5,25.639582,13.700001,89.68342,9.944065,5.0853043,Hujan
2023-01-29,Surabaya,24.55,30.55,26.497915,5.1000004,85.36094,10.218841,8.601109,Hujan
2023-01-30,Surabaya,24.5,31.0,26.76042,1.7,85.60816,8.072189,7.185267,Berawan
2023-01-31,Surabaya,24.35,30.15,27.108332,10.999999,83.88389,7.413449,8.279812,Hujan
2023-02-01,Surabaya,25.1,29.75,26.468748,23.699999,86.087166,9.203639,8.0,Hujan
2023-02-02,Surabaya,24.8,28.25,26.025,10.300001,87.706696,9.321467,1.9825935,Hujan
2023-02-03,Surabaya,24.1,29.55,26.352083,12.6,84.08398,13.639504,3.4418619,Hujan
2023-02-04,Surabaya,25.1,29.95,26.497917,7.3999996,84.67806,10.858999,8.708926,Hujan
2023-02-05,Surabaya,24.2,29.55,26.449999,6.5999994,85.00116,12.914479,7.003019,Hujan
2023-02-06,Surabaya,24.35,30.55,26.94166,1.4000001,80.92098,10.284466,11.843583,Berawan
2023-02-07,Surabaya,24.85,29.6,26.327085,13.500001,84.491516,12.191511,6.423363,Hujan
2023-02-08,Surabaya,23.45,28.75,25.914587,12.1,87.72706,12.329881,3.5617328,Hujan
2023-02-09,Surabaya,24.05,29.95,25.88542,15.4,88.109344,10.89181,8.398136,Hujan
2023-02-10,Surabaya,24.55,29.7,26.589584,4.4,86.39017,10.66447,9.0,Berawan
2023-02-11,Surabaya,24.6,28.8,26.039581,21.0,89.27124,9.330362,6.30803,Hujan
2023-02-12,Surabaya,24.5,29.45,26.214584,8.700001,87.21237,8.797959,6.2719817,Hujan
2023-02-13,Surabaya,24.5,30.45,26.214582,13.400001,86.843605,7.1607637,7.339439,Hujan
2023-02-14,Surabaya,24.1,30.8,26.227083,7.0999994,86.12326,10.913769,8.6819315,Hujan
2023-02-15,Surabaya,24.35,29.25,25.612503,17.900002,88.14225,12.113883,6.094273,Hujan
2023-02-16,Surabaya,24.0,28.8,25.541666,21.800003,90.17281,11.231696,6.3737135,Hujan
2023-02-17,Surabaya,24.45,29.55,26.324999,5.9,87.03925,12.560671,11.5554495,Hujan
2023-02-18,Surabaya,24.25,29.2,25.914581,21.500002,89.1589,11.871908,6.6678247,Hujan
2023-02-19,Surabaya,24.05,31.0,26.599998,11.3,85.33538,8.881577,10.009649,Hujan
2023-02-20,Surabaya,24.5,30.55,26.464582,11.200002,86.67448,9.288812,10.106126,Hujan
2023-02-21,Surabaya,24.45,29.85,26.314583,18.099998,87.27878,9.345147,10.470532,Hujan
2023-02-22,Surabaya,23.95,30.0,26.335419,13.800001,86.49442,14.687965,10.065303,Hujan
2023-02-23,Surabaya,24.7,28.35,26.352083,7.7000003,86.69104,15.509924,6.9465613,Hujan
2023-02-24,Surabaya,24.65,29.55,26.61875,8.500001,84.79039,16.797226,7.0,Hujan
2023-02-25,Surabaya,24.85,30.25,26.645836,14.700001,84.41424,15.843325,9.217101,Hujan
2023-02-26,Surabaya,24.4,28.85,25.90625,11.9000025,84.92036,16.808279,7.846739,Hujan
2023-02-27,Surabaya,24.1,28.9,25.69375,13.000001,88.99471,16.459415,7.767264,Hujan
2023-02-28,Surabaya,24.55,30.4,26.210413,27.2,85.691795,14.997637,7.916031,Hujan
2023-03-01,Surabaya,23.65,30.05,25.843752,27.1,86.69818,11.997135,7.933699,Hujan
2023-03-02,Surabaya,23.3,26.7,24.76458,45.000004,90.5391,13.819685,2.8673851,Hujan
2023-03-03,Surabaya,23.75,30.15,25.939583,5.0,86.34674,8.074483,9.841458,Berawan
2023-03-04,Surabaya,23.0,31.0,26.243752,10.000001,85.61555,5.290523,11.115879,Hujan
2023-03-05,Surabaya,23.75,30.6,26.187502,19.099998,87.00998,8.818341,8.00412,Hujan
2023-03-06,Surabaya,24.4,30.1,26.893751,1.5000001,84.83242,5.196665,11.0,Berawan
2023-03-07,Surabaya,24.2,30.0,26.787497,0.7,83.37409,4.932691,11.355314,Berawan
2023-03-08,Surabaya,23.7,29.45,26.074997,10.4,88.03445,4.832044,10.676711,Hujan
2023-03-09,Surabaya,24.15,30.3,26.822914,0.2,84.429054,5.6988697,11.697977,Berawan
2023-03-10,Surabaya,24.2,30.2,27.447916,0.2,81.74304,5.8326397,11.002125,Berawan
2023-03-11,Surabaya,24.9,31.4,28.025,0.1,79.40705,4.4909616,11.1128645,Berawan
2023-03-12,Surabaya,24.25,30.75,27.450003,4.2,81.49974,5.2144628,11.373692,Berawan
2023-03-13,Surabaya,23.8,30.15,26.566666,1.8000001,83.452705,5.656383,11.247929,Berawan
2023-03-14,Surabaya,23.55,29.15,25.949999,6.7000003,85.06829,5.603637,11.0,Hujan
2023-03-15,Surabaya,24.0,30.5,26.862501,5.2999997,84.56114,5.704463,9.919847,Hujan
2023-03-16,Surabaya,25.6,30.45,27.787498,3.0,82.70829,6.1662803,11.259147,Berawan
2023-03-17,Surabaya,25.75,30.6,27.416664,8.900002,84.58018,5.6327553,9.833262,Hujan
2023-03-18,Surabaya,24.5,30.4,27.404167,1.3000001,83.86884,5.342976,11.459809,Berawan
2023-03-19,Surabaya,25.8,30.45,27.96875,2.1,81.93676,7.1064854,11.335011,Berawan
2023-03-20,Surabaya,24.55,31.05,27.30208,10.099999,84.860725,4.751283,11.0,Hujan
2023-03-21,Surabaya,23.8,30.9,27.4375,5.0999994,82.5071,5.4359202,11.2143545,Hujan
2023-03-22,Surabaya,23.45,30.8,27.02083,8.0,83.71121,5.2094088,10.17984,Hujan
2023-03-23,Surabaya,24.15,30.75,27.402082,14.000001,85.4488,5.0367517,11.351314,Hujan
2023-03-24,Surabaya,24.6,30.95,27.195833,13.6,86.12073,5.161246,9.106746,Hujan
2023-03-25,Surabaya,23.95,30.05,26.685417,5.6,86.57455,4.684657,10.29511,Hujan
2023-03-26,Surabaya,24.9,28.9,26.672918,7.3999996,86.04487,7.1962852,10.0,Hujan
2023-03-27,Surabaya,24.65,29.2,26.225,12.1,88.01089,7.3294754,6.5447936,Hujan
2023-03-28,Surabaya,24.6,28.45,26.602087,10.6,86.41904,7.4835854,6.9337077,Hujan
2023-03-29,Surabaya,25.2,29.35,26.943747,7.7,87.97067,4.2639055,5.9766006,Hujan
2023-03-30,Surabaya,24.15,30.35,26.641668,12.100001,86.89936,5.187821,8.752234,Hujan
2023-03-31,Surabaya,24.75,29.85,26.19375,14.799998,87.85711,5.9304748,5.8305583,Hujan
2023-04-01,Surabaya,24.3,29.25,26.072916,11.3,85.71856,4.985747,7.025161,Hujan
2023-04-02,Surabaya,23.9,29.15,26.231253,10.400002,86.54653,4.867886,10.399646,Hujan
2023-04-03,Surabaya,24.75,29.05,26.339582,9.8,87.364174,3.3553238,6.8778377,Hujan
2023-04-04,Surabaya,24.0,30.15,26.474997,8.700001,85.98202,4.2285314,7.750595,Hujan
2023-04-05,Surabaya,24.85,29.8,26.958338,9.3,86.05431,4.8571925,8.668616,Hujan
2023-04-06,Surabaya,24.55,30.05,26.562502,10.1,85.41445,6.0451612,8.0,Hujan
2023-04-07,Surabaya,24.4,29.45,26.891668,1.0,85.14865,4.9690027,7.927704,Berawan
2023-04-08,Surabaya,24.7,31.0,27.170832,4.5,82.23827,4.249182,10.086711,Berawan
2023-04-09,Surabaya,24.3,31.2,27.012499,4.7999997,82.54308,7.379822,11.0,Berawan
2023-04-10,Surabaya,24.15,31.1,26.602081,12.600001,85.42918,6.3469653,8.485705,Hujan
2023-04-11,Surabaya,24.05,30.75,27.012499,4.4,85.535774,6.1115756,10.913823,Berawan
2023-04-12,Surabaya,24.95,31.0,27.160416,13.099999,85.93445,5.6641436,10.82291,Hujan
2023-04-13,Surabaya,25.0,29.95,26.67917,9.4,86.268036,4.190719,6.755612,Hujan
2023-04-14,Surabaya,25.05,30.45,27.516665,3.3999999,82.42062,4.814935,8.1917305,Berawan
2023-04-15,Surabaya,24.75,30.6,27.26042,14.900001,83.67891,3.548782,8.868686,Hujan
2023-04-16,Surabaya,24.15,30.55,27.000002,9.1,83.92771,4.2527413,10.629723,Hujan
2023-04-17,Surabaya,25.0,28.7,27.008333,13.7,87.03799,5.557542,8.197956,Hujan
2023-04-18,Surabaya,25.1,29.75,27.74792,2.8999999,83.261375,8.925853,8.79356,Berawan
2023-04-19,Surabaya,25.15,30.85,28.437502,0.2,79.02428,7.652845,11.010985,Berawan
2023-04-20,Surabaya,25.65,30.95,27.752089,3.3999999,83.52711,5.1377516,10.662679,Berawan
2023-04-21,Surabaya,25.65,29.45,27.537498,1.4000002,83.799355,9.632997,10.236863,Berawan
2023-04-22,Surabaya,26.8,30.5,28.55625,1.4000001,77.288315,11.182488,11.044455,Berawan
2023-04-23,Surabaya,27.55,30.6,29.102083,0.70000005,74.470634,13.197494,11.0446415,Berawan
2023-04-24,Surabaya,27.2,30.7,28.931253,3.2,76.69302,12.659513,11.044896,Berawan
2023-04-25,Surabaya,25.15,30.75,27.985415,3.6,82.63973,6.4115896,11.045223,Berawan
2023-04-26,Surabaya,26.25,30.25,28.143747,3.0999997,81.11335,9.981416,11.045626,Berawan
2023-04-27,Surabaya,25.2,31.3,28.300003,3.2999997,80.66488,6.4591045,10.723427,Berawan
2023-04-28,Surabaya,25.45,29.7,27.297918,24.400002,86.05649,5.519014,6.3462067,Hujan
2023-04-29,Surabaya,25.0,27.6,26.116667,36.799995,89.17002,4.554998,2.2636328,Hujan
2023-04-30,Surabaya,25.2,30.15,27.264582,8.5,86.150116,6.2603893,8.077071,Hujan
2023-05-01,Surabaya,25.65,30.2,27.297918,3.4999998,85.59522,7.054614,11.048733,Berawan
2023-05-02,Surabaya,26.0,29.2,27.506248,13.200001,85.19472,7.7084417,9.020087,Hujan
2023-05-03,Surabaya,26.0,30.05,28.00833,7.8999996,82.639565,10.498484,8.787072,Hujan
2023-05-04,Surabaya,26.1,30.3,28.247917,5.3,82.34101,9.119373,11.0,Hujan
2023-05-05,Surabaya,24.75,30.8,28.097921,0.1,81.73739,7.0187616,11.0,Berawan
2023-05-06,Surabaya,25.45,30.8,28.216667,2.5,84.54898,4.6369104,10.282801,Berawan
2023-05-07,Surabaya,25.8,30.7,28.522919,0.2,81.56724,7.1544766,11.054451,Berawan
2023-05-08,Surabaya,25.25,31.4,28.414581,0.0,80.07515,6.1157713,10.909164,Cerah
2023-05-09,Surabaya,25.65,31.45,28.087502,0.6,80.56886,5.726096,7.1782427,Berawan
2023-05-10,Surabaya,26.35,28.9,27.606253,14.1,83.64731,15.18219,3.5128624,Hujan
2023-05-11,Surabaya,26.0,29.0,27.424997,25.100002,86.08954,14.599192,3.7636383,Hujan
2023-05-12,Surabaya,26.95,30.6,28.922915,2.2,79.74885,13.874481,11.0,Berawan
2023-05-13,Surabaya,25.4,31.0,28.087502,0.5,79.4805,6.9474864,11.0,Berawan
2023-05-14,Surabaya,23.0,30.35,27.339584,0.0,74.536316,6.875266,11.063569,Cerah
2023-05-15,Surabaya,24.55,30.2,27.670837,0.0,72.40416,10.64487,11.065072,Cerah
2023-05-16,Surabaya,24.2,29.95,27.4375,0.0,73.81872,7.34114,11.066614,Cerah
2023-05-17,Surabaya,23.55,29.85,27.193748,0.1,73.561745,7.9088173,11.068207,Berawan
2023-05-18,Surabaya,24.4,29.95,27.710417,0.0,73.800606,7.657098,11.069837,Cerah
2023-05-19,Surabaya,24.6,30.55,28.047913,0.0,71.669075,9.429996,11.0,Cerah
2023-05-20,Surabaya,24.3,30.15,27.906248,0.0,75.75047,10.327375,11.004812,Cerah
2023-05-21,Surabaya,24.4,29.9,27.81458,0.0,74.62994,11.13657,11.075146,Cerah
2023-05-22,Surabaya,24.05,30.0,27.741667,0.0,72.912575,10.720631,11.008392,Cerah
2023-05-23,Surabaya,24.2,29.85,27.735415,0.1,73.02339,10.248861,11.010273,Berawan
2023-05-24,Surabaya,25.1,30.4,28.116669,0.4,74.60458,11.163162,11.01222,Berawan
2023-05-25,Surabaya,24.45,30.55,28.27917,0.0,72.207695,11.131203,11.014204,Cerah
2023-05-26,Surabaya,23.95,30.95,28.039583,0.0,72.7231,10.657768,11.016234,Cerah
2023-05-27,Surabaya,24.4,30.65,27.968748,0.0,72.56934,10.000295,11.018309,Cerah
2023-05-28,Surabaya,24.75,30.15,27.868752,0.0,68.85629,11.219561,11.020399,Cerah
2023-05-29,Surabaya,25.9,30.6,28.462502,0.0,64.62866,13.006239,11.022524,Cerah
2023-05-30,Surabaya,26.35,30.4,28.464582,0.3,69.38914,13.870757,11.0,Berawan
2023-05-31,Surabaya,24.8,30.8,28.3125,0.0,70.796814,11.885071,11.0,Cerah
2023-06-01,Surabaya,25.0,31.15,28.581247,0.0,71.03603,11.509129,11.0,Cerah
2023-06-02,Surabaya,24.75,31.75,28.675001,0.0,72.57545,12.28725,11.0,Cerah
2023-06-03,Surabaya,24.65,31.25,28.443747,0.0,72.79923,9.877323,11.0,Cerah
2023-06-04,Surabaya,25.05,31.2,28.516665,0.1,74.07601,8.876603,11.0,Berawan
2023-06-05,Surabaya,25.65,31.45,28.493746,0.1,72.96646,9.514317,11.0,Berawan
2023-06-06,Surabaya,25.25,31.3,28.433334,0.0,72.749245,11.571895,11.0,Cerah
2023-06-07,Surabaya,25.1,30.8,28.0375,0.6,75.77052,11.6516285,11.0,Berawan
2023-06-08,Surabaya,25.2,30.85,28.320833,0.5,75.105835,12.600673,11.0,Berawan
2023-06-09,Surabaya,24.65,31.35,28.254166,0.0,72.421646,9.46778,11.0,Cerah
2023-06-10,Surabaya,23.55,31.2,28.081251,0.0,70.777214,8.947155,11.0,Cerah
2023-06-11,Surabaya,24.6,31.4,28.402084,0.1,71.31166,11.1022,11.0,Berawan
2023-06-12,Surabaya,25.35,31.35,28.65625,0.3,74.84449,12.655253,11.0,Berawan
2023-06-13,Surabaya,25.85,30.9,28.770834,0.0,71.89351,14.442535,11.0,Cerah
2023-06-14,Surabaya,25.25,31.25,28.589584,0.0,67.83816,12.929382,11.0,Cerah
2023-06-15,Surabaya,24.6,30.95,28.085417,0.0,70.57246,10.591283,10.733892,Cerah
2023-06-16,Surabaya,25.05,30.75,28.137503,0.70000005,72.997475,9.51877,11.0,Berawan
2023-06-17,Surabaya,24.9,30.95,28.108335,0.0,73.85082,12.41765,11.0,Cerah
2023-06-18,Surabaya,24.75,30.6,27.997917,0.0,73.721214,11.019493,11.0,Cerah
2023-06-19,Surabaya,25.1,30.8,28.268751,0.0,73.252716,9.27512,11.0,Cerah
2023-06-20,Surabaya,24.15,31.85,28.395834,0.5,71.28888,8.391425,11.0,Berawan
2023-06-21,Surabaya,26.95,32.15,29.437498,0.0,64.75889,14.140852,11.0,Cerah
2023-06-22,Surabaya,24.4,31.25,28.252083,0.0,71.37374,10.320631,11.0,Cerah
2023-06-23,Surabaya,24.85,30.85,28.250002,0.0,70.63048,10.868756,11.0,Cerah
2023-06-24,Surabaya,24.85,31.2,28.331247,0.0,70.31643,10.187299,11.0,Cerah
2023-06-25,Surabaya,24.2,30.65,27.868746,0.1,74.00639,7.8079386,11.0,Berawan
2023-06-26,Surabaya,24.65,31.05,27.766668,0.1,73.775314,6.0495,11.0,Berawan
2023-06-27,Surabaya,24.0,31.65,28.15625,0.2,70.45381,7.974288,11.0,Berawan
2023-06-28,Surabaya,23.1,31.95,28.087507,0.0,71.09266,10.468392,11.0,Cerah
2023-06-29,Surabaya,24.0,32.2,28.395834,0.0,72.35914,8.720203,11.0,Cerah
2023-06-30,Surabaya,23.55,32.1,28.268751,0.0,72.8093,9.284485,11.0,Cerah
2023-07-01,Surabaya,24.1,32.3,28.472914,0.3,72.75426,6.920667,11.0,Berawan
2023-07-02,Surabaya,24.8,32.05,27.60833,10.4,77.942345,5.907667,10.38885,Hujan
2023-07-03,Surabaya,23.8,32.35,27.806252,0.3,75.96552,5.2507176,10.929623,Berawan
2023-07-04,Surabaya,23.5,31.65,27.61875,5.0,78.00191,6.680602,11.0,Berawan
2023-07-05,Surabaya,23.6,31.75,27.920835,0.0,76.47747,11.103368,11.0,Cerah
2023-07-06,Surabaya,23.5,31.65,28.054167,0.0,75.4149,10.500897,11.0,Cerah
2023-07-07,Surabaya,24.4,31.65,27.587496,1.4000001,76.5888,7.395536,11.0,Berawan
2023-07-08,Surabaya,24.0,28.15,26.08333,10.500001,85.29311,9.131289,1.6312151,Hujan
2023-07-09,Surabaya,24.1,30.85,27.777086,0.1,75.12009,13.050319,11.025247,Berawan
2023-07-10,Surabaya,24.75,31.45,28.53125,0.0,70.502754,14.413899,11.023174,Cerah
2023-07-11,Surabaya,23.45,31.2,27.885416,0.0,68.673035,10.851051,11.021131,Cerah
2023-07-12,Surabaya,23.4,31.3,27.85,0.0,68.13519,9.302673,11.019131,Cerah
2023-07-13,Surabaya,23.85,32.1,28.285418,0.0,69.015015,9.227024,10.364436,Cerah
2023-07-14,Surabaya,25.0,31.75,28.287504,0.0,67.49772,9.0285015,11.015287,Cerah
2023-07-15,Surabaya,22.15,32.05,27.729162,0.0,68.96984,8.873433,11.0,Cerah
2023-07-16,Surabaya,23.0,31.6,27.456245,0.2,69.86293,10.483551,11.080889,Berawan
2023-07-17,Surabaya,21.5,31.25,27.097916,0.0,64.53559,11.583964,11.079135,Cerah
2023-07-18,Surabaya,22.25,31.35,27.441666,0.0,64.205315,12.092522,11.077411,Cerah
2023-07-19,Surabaya,21.6,31.9,27.289583,0.0,64.694954,11.344567,11.0757,Cerah
2023-07-20,Surabaya,21.05,31.45,26.666666,0.0,64.50976,8.657725,11.074012,Cerah
2023-07-21,Surabaya,23.1,31.75,27.30417,0.0,63.458195,9.12841,11.072352,Cerah
2023-07-22,Surabaya,21.4,30.75,27.014582,0.0,66.36608,12.088067,11.070714,Cerah
2023-07-23,Surabaya,23.45,30.6,27.652082,0.0,66.85749,13.025781,11.000527,Cerah
2023-07-24,Surabaya,23.8,30.8,27.550001,0.0,67.6718,10.742456,11.067547,Cerah
2023-07-25,Surabaya,24.05,30.6,27.608335,0.6,71.05096,13.280231,11.0,Berawan
2023-07-26,Surabaya,22.8,31.1,27.389585,0.1,68.75048,10.567859,11.064539,Berawan
2023-07-27,Surabaya,21.8,30.2,26.695833,0.0,67.637276,10.41853,11.0,Cerah
2023-07-28,Surabaya,21.3,30.45,26.589582,0.0,66.61338,12.374983,11.0,Cerah
2023-07-29,Surabaya,21.6,30.35,26.872917,0.0,63.285236,12.3804455,11.060384,Cerah
2023-07-30,Surabaya,21.6,31.2,26.918753,0.0,64.53474,13.580067,11.059107,Cerah
2023-07-31,Surabaya,20.8,30.6,26.629168,0.0,67.02142,11.57204,11.0,Cerah
2023-08-01,Surabaya,25.5,31.05,28.0375,0.0,68.74207,15.246286,11.056741,Cerah
2023-08-02,Surabaya,24.35,30.85,27.964582,0.0,73.48422,13.738979,11.055648,Cerah
2023-08-03,Surabaya,25.85,31.2,28.277082,0.0,68.99238,14.947979,11.054635,Cerah
2023-08-04,Surabaya,23.9,31.9,27.929167,0.0,69.32804,12.981829,11.053696,Cerah
2023-08-05,Surabaya,21.95,31.4,27.410416,0.0,66.70435,12.906497,11.120151,Cerah
2023-08-06,Surabaya,23.65,31.2,27.868753,0.0,70.53365,12.494254,11.052049,Cerah
2023-08-07,Surabaya,22.8,30.65,27.329165,0.2,72.44411,12.302314,11.051337,Berawan
2023-08-08,Surabaya,25.05,30.4,27.583334,0.2,69.729576,16.511162,11.117732,Berawan
2023-08-09,Surabaya,22.95,30.55,27.360418,0.0,64.67849,13.919822,11.050141,Cerah
2023-08-10,Surabaya,23.15,30.1,27.066664,0.0,65.593575,12.500824,11.116481,Cerah
2023-08-11,Surabaya,20.7,31.0,26.531252,0.0,64.41824,11.315179,11.115965,Cerah
2023-08-12,Surabaya,21.2,30.75,26.808336,0.0,61.725266,11.471384,11.115511,Cerah
2023-08-13,Surabaya,23.05,30.65,27.393753,0.0,66.47598,14.132675,11.048592,Cerah
2023-08-14,Surabaya,23.6,31.25,27.547915,0.4,65.572754,12.854597,11.114811,Berawan
2023-08-15,Surabaya,22.5,31.2,27.435415,0.0,67.53608,12.313815,11.048211,Cerah
2023-08-16,Surabaya,22.35,31.55,27.356253,0.0,66.24252,12.9265995,11.114359,Cerah
2023-08-17,Surabaya,23.25,31.95,27.406252,0.0,62.239727,11.421195,11.114227,Cerah
2023-08-18,Surabaya,21.8,31.75,26.949999,0.0,66.528915,11.339986,11.048085,Cerah
2023-08-19,Surabaya,21.85,30.65,26.931252,0.0,69.86139,13.107474,11.048151,Cerah
2023-08-20,Surabaya,23.85,31.2,27.952085,0.0,67.03161,15.454809,11.048271,Cerah
2023-08-21,Surabaya,23.05,31.25,27.708336,0.0,66.5892,14.903675,11.048447,Cerah
2023-08-22,Surabaya,23.55,30.95,27.724998,0.0,65.00715,14.820555,11.048659,Cerah
2023-08-23,Surabaya,22.25,31.15,27.293747,0.0,64.90854,13.918552,11.125543,Cerah
2023-08-24,Surabaya,22.75,31.2,27.48542,0.0,66.71538,13.860851,11.056384,Cerah
2023-08-25,Surabaya,23.2,31.8,27.770834,0.0,66.81321,13.354954,11.052859,Cerah
2023-08-26,Surabaya,24.3,31.65,28.116667,0.0,66.10742,13.455859,11.049969,Cerah
2023-08-27,Surabaya,22.6,31.55,27.520836,0.0,66.45534,11.511065,11.050436,Cerah
2023-08-28,Surabaya,22.95,31.1,27.568747,0.0,65.618324,14.557995,11.1076355,Cerah
2023-08-29,Surabaya,23.8,31.4,27.6875,0.3,67.4321,13.904648,11.116807,Berawan
2023-08-30,Surabaya,22.4,31.1,27.393747,0.0,69.17159,12.595392,11.100431,Cerah
2023-08-31,Surabaya,23.05,31.8,27.797915,0.0,68.66255,14.352406,11.096813,Cerah
2023-09-01,Surabaya,23.1,31.05,27.427084,0.0,64.952156,13.956337,11.093185,Cerah
2023-09-02,Surabaya,21.9,30.8,27.181246,0.0,60.749454,13.970081,11.154504,Cerah
2023-09-03,Surabaya,21.95,30.9,27.085417,0.0,61.258667,13.498425,11.095038,Cerah
2023-09-04,Surabaya,20.7,31.4,26.979164,0.0,58.42726,12.997437,11.147121,Cerah
2023-09-05,Surabaya,21.75,31.4,27.441668,0.0,61.009014,13.860286,11.150452,Cerah
2023-09-06,Surabaya,22.05,32.55,27.908333,0.0,64.69518,12.353435,11.145671,Cerah
2023-09-07,Surabaya,23.15,33.2,28.177086,0.0,65.285614,9.990167,11.140878,Cerah
2023-09-08,Surabaya,22.95,31.3,27.643751,0.0,65.265625,12.176389,11.071438,Cerah
2023-09-09,Surabaya,22.25,31.65,27.385416,0.0,65.67336,12.4446535,11.258047,Cerah
2023-09-10,Surabaya,22.75,32.25,28.039581,0.0,62.06175,14.272271,11.255677,Cerah
2023-09-11,Surabaya,22.85,32.35,28.2125,0.0,63.159275,12.241369,11.250851,Cerah
2023-09-12,Surabaya,22.4,33.0,28.204168,0.0,66.75281,12.051309,11.247143,Cerah
2023-09-13,Surabaya,23.35,32.25,28.11875,0.0,65.65871,13.892906,11.308022,Cerah
2023-09-14,Surabaya,24.6,31.45,28.502083,0.1,62.36128,16.381031,11.236634,Berawan
2023-09-15,Surabaya,22.45,32.15,28.09583,0.0,60.65878,14.91234,11.36531,Cerah
2023-09-16,Surabaya,24.95,31.5,28.39792,0.0,64.864136,14.900734,11.361814,Cerah
2023-09-17,Surabaya,23.9,32.15,28.252085,0.0,67.63529,14.245835,11.3515,Cerah
2023-09-18,Surabaya,24.3,32.95,28.662504,0.0,65.239235,12.463947,11.346783,Cerah
2023-09-19,Surabaya,23.7,32.15,28.2875,0.0,62.586685,12.07165,11.3420515,Cerah
2023-09-20,Surabaya,23.65,31.9,28.177084,0.0,63.527832,12.86805,11.401653,Cerah
2023-09-21,Surabaya,23.4,32.35,28.175003,0.0,63.060482,14.945157,11.461245,Cerah
2023-09-22,Surabaya,22.15,32.65,27.702082,0.0,62.431057,13.361329,11.520846,Cerah
2023-09-23,Surabaya,22.35,33.0,27.991667,0.0,61.226177,12.631545,11.580475,Cerah
2023-09-24,Surabaya,22.4,32.85,28.477087,0.0,62.43085,11.359149,11.575814,Cerah
2023-09-25,Surabaya,23.75,32.95,28.533339,0.0,62.61714,12.612211,11.571207,Cerah
2023-09-26,Surabaya,21.3,33.35,28.168749,0.0,59.306545,12.226698,11.668329,Cerah
2023-09-27,Surabaya,21.35,32.55,27.858332,0.0,64.23554,14.121924,11.677574,Cerah
2023-09-28,Surabaya,22.65,32.05,28.225,0.0,68.7233,13.132225,11.686738,Cerah
2023-09-29,Surabaya,26.55,32.4,28.866667,0.0,68.61572,16.691631,11.553505,Cerah
2023-09-30,Surabaya,24.2,33.0,29.020836,0.0,64.928825,11.531998,11.704753,Cerah
2023-10-01,Surabaya,23.0,33.45,28.891668,0.0,60.374218,10.420718,11.713565,Cerah
2023-10-02,Surabaya,24.05,33.3,28.974998,0.0,61.71584,13.02993,11.722222,Cerah
2023-10-03,Surabaya,23.9,32.6,28.650002,0.0,64.406715,11.918751,11.730705,Cerah
2023-10-04,Surabaya,24.2,32.75,28.933332,0.0,66.00283,14.458,11.738996,Cerah
2023-10-05,Surabaya,24.2,33.0,28.941664,0.1,70.184525,13.079042,11.747073,Berawan
2023-10-06,Surabaya,26.25,34.1,29.743746,0.0,65.725914,14.411609,11.755033,Cerah
2023-10-07,Surabaya,25.1,33.15,29.147919,0.3,69.606415,14.153548,11.762981,Berawan
2023-10-08,Surabaya,23.95,33.85,29.422913,0.0,63.975754,14.654613,11.770905,Cerah
2023-10-09,Surabaya,23.35,33.4,29.179169,0.0,67.15272,12.723559,11.7787895,Cerah
2023-10-10,Surabaya,24.15,33.55,29.195833,0.3,70.132965,8.759381,11.786615,Berawan
2023-10-11,Surabaya,24.45,33.15,29.220833,0.0,65.24957,11.890519,11.794366,Cerah
2023-10-12,Surabaya,23.7,32.9,28.770836,0.0,68.18487,11.75328,11.802027,Cerah
2023-10-13,Surabaya,25.85,33.8,29.681246,0.0,66.404106,13.543123,11.809583,Cerah
2023-10-14,Surabaya,24.55,33.35,29.502077,0.0,63.86565,14.185601,11.817015,Cerah
2023-10-15,Surabaya,26.55,33.45,29.897917,0.0,63.90804,13.946521,11.824307,Cerah
2023-10-16,Surabaya,25.85,33.45,29.83333,0.0,66.59819,15.014913,11.831443,Cerah
2023-10-17,Surabaya,25.05,34.05,29.74792,0.0,65.67306,13.977726,11.838408,Cerah
2023-10-18,Surabaya,24.1,34.6,29.793753,0.0,62.179474,13.893809,11.845182,Cerah
2023-10-19,Surabaya,25.2,34.05,29.770836,0.1,63.47879,15.150151,11.851751,Berawan
2023-10-20,Surabaya,24.95,34.1,29.86458,0.0,64.19153,10.747935,11.8581,Cerah
2023-10-21,Surabaya,25.5,34.8,30.104166,0.0,67.13738,10.6544485,11.864208,Cerah
2023-10-22,Surabaya,24.75,33.75,29.658333,0.1,68.970146,9.141816,11.870063,Berawan
2023-10-23,Surabaya,26.15,32.6,29.393755,1.7,69.578606,11.528682,11.875644,Berawan
2023-10-24,Surabaya,25.6,34.15,29.756254,0.5,67.35117,9.630491,11.880937,Berawan
2023-10-25,Surabaya,24.5,33.95,29.681246,0.0,65.7956,11.970694,11.885924,Cerah
2023-10-26,Surabaya,24.8,35.45,30.468752,0.0,62.154404,12.378234,11.890666,Cerah
2023-10-27,Surabaya,24.95,34.95,30.050003,0.0,64.15142,11.843186,11.895246,Cerah
2023-10-28,Surabaya,23.9,34.65,29.8375,0.0,63.821915,12.863279,11.899649,Cerah
2023-10-29,Surabaya,24.15,33.8,29.66458,0.6,66.30163,10.340614,11.903872,Berawan
2023-10-30,Surabaya,24.65,33.75,29.610415,0.3,67.383545,11.13031,11.907905,Berawan
2023-10-31,Surabaya,24.9,33.95,29.702082,0.0,66.56191,12.69834,11.91174,Cerah
2023-11-01,Surabaya,25.5,34.85,30.216667,0.3,64.75255,11.770323,11.915372,Berawan
2023-11-02,Surabaya,25.85,33.6,30.2875,0.1,64.88979,11.901244,11.91879,Berawan
2023-11-03,Surabaya,26.1,33.4,29.531244,4.6,73.08248,10.223897,11.539375,Berawan
2023-11-04,Surabaya,25.1,33.4,28.556252,1.6000001,75.21084,7.611911,11.871252,Berawan
2023-11-05,Surabaya,25.75,33.3,29.554169,0.8,72.57789,10.930414,11.927682,Berawan
2023-11-06,Surabaya,25.7,34.8,30.022917,0.0,67.80345,10.033563,11.930163,Cerah
2023-11-07,Surabaya,24.35,33.9,29.672915,0.0,66.095184,9.473048,11.932391,Cerah
2023-11-08,Surabaya,24.8,35.1,30.402082,0.0,62.41477,8.070715,11.934356,Cerah
2023-11-09,Surabaya,26.4,34.9,30.543747,0.1,64.484314,6.300263,11.539768,Berawan
2023-11-10,Surabaya,25.3,36.35,30.014585,1.3,64.83051,7.4584727,11.937467,Berawan
2023-11-11,Surabaya,24.65,35.25,29.852081,0.5,66.72369,8.952363,11.938592,Berawan
2023-11-12,Surabaya,24.15,34.75,30.058334,0.90000004,64.21,10.005983,11.939421,Berawan
2023-11-13,Surabaya,25.4,35.75,30.768751,0.0,62.210983,7.384401,11.939942,Cerah
2023-11-14,Surabaya,26.75,35.3,30.464582,0.8000001,68.6359,7.9363637,11.940154,Berawan
2023-11-15,Surabaya,26.55,35.65,30.412497,1.5000001,70.66206,7.6420817,11.940044,Berawan
2023-11-16,Surabaya,25.65,35.65,29.720835,2.3000002,71.78472,8.292542,11.93962,Berawan
2023-11-17,Surabaya,25.65,33.7,29.170832,4.0999994,72.163246,5.6525097,11.34625,Berawan
2023-11-18,Surabaya,24.05,36.1,30.312498,0.2,64.86761,7.2077484,11.940555,Berawan
2023-11-19,Surabaya,25.2,35.7,30.635416,0.0,60.573032,11.317705,11.936545,Cerah
2023-11-20,Surabaya,25.3,35.35,30.61875,0.1,63.49608,11.776592,11.934941,Berawan
2023-11-21,Surabaya,25.05,34.55,30.127083,0.0,66.59379,11.844222,11.933062,Cerah
2023-11-22,Surabaya,25.75,34.95,30.71875,0.0,64.206535,13.303411,11.629781,Cerah
2023-11-23,Surabaya,26.7,35.9,31.143755,0.1,61.35609,8.868364,11.106264,Berawan
2023-11-24,Surabaya,26.4,35.1,29.883337,0.2,71.09727,6.555652,11.925854,Berawan
2023-11-25,Surabaya,24.45,31.45,27.637499,10.3,81.50301,6.1001,8.568969,Hujan
2023-11-26,Surabaya,24.2,34.2,28.812498,2.1,74.1667,5.9671435,11.9198065,Berawan
2023-11-27,Surabaya,24.8,33.2,27.758337,14.200001,80.1603,5.485867,11.230779,Hujan
2023-11-28,Surabaya,23.85,31.25,27.28125,7.8999996,81.17768,4.6579275,6.654928,Hujan
2023-11-29,Surabaya,24.75,31.65,28.335417,1.4000001,78.15755,6.94972,11.443323,Berawan
2023-11-30,Surabaya,25.2,34.1,28.629171,0.6,77.98687,6.344366,8.451293,Berawan
2023-12-01,Surabaya,25.2,30.5,27.275003,5.5000005,85.53851,5.1795487,5.0752115,Hujan
2023-12-02,Surabaya,24.45,31.45,27.183336,5.7999997,84.3787,5.455776,8.633333,Hujan
2023-12-03,Surabaya,23.8,32.85,28.400002,1.6000001,76.495674,5.7092595,11.293985,Berawan
2023-12-04,Surabaya,24.6,32.2,28.041666,0.6,78.21761,5.5965567,8.660454,Berawan
2023-12-05,Surabaya,24.4,34.05,28.75,1.4,74.64005,6.467413,11.184407,Berawan
2023-12-06,Surabaya,24.75,33.4,28.5625,6.5999994,77.37662,4.693735,11.270105,Hujan
2023-12-07,Surabaya,24.0,35.1,28.137499,5.7,76.92041,6.057698,11.870811,Hujan
2023-12-08,Surabaya,24.75,34.15,28.25625,7.0,79.347496,5.7184544,9.68897,Hujan
2023-12-09,Surabaya,25.0,31.1,28.085417,7.7,82.52131,3.8832788,8.479036,Hujan
2023-12-10,Surabaya,25.25,31.3,27.006247,32.1,85.16003,6.717594,4.580323,Hujan
2023-12-11,Surabaya,24.7,33.4,28.787498,0.5,76.045265,5.039567,11.9075985,Berawan
2023-12-12,Surabaya,24.35,34.0,28.875,3.1,72.215355,5.3979144,12.035954,Berawan
2023-12-13,Surabaya,25.25,32.35,28.00208,18.100002,81.111,6.076782,11.830656,Hujan
2023-12-14,Surabaya,24.5,31.2,27.510416,16.0,83.21723,5.1876116,9.9841175,Hujan
2023-12-15,Surabaya,25.4,31.75,27.772913,4.9,84.31023,4.8813925,8.5009775,Berawan
2023-12-16,Surabaya,24.5,32.9,28.5,1.3000002,77.20694,6.150424,12.129174,Berawan
2023-12-17,Surabaya,25.05,32.5,28.94375,1.0,73.41974,7.744047,12.04727,Berawan
2023-12-18,Surabaya,24.35,33.05,28.860418,1.4000001,73.80695,5.9253764,11.476788,Berawan
2023-12-19,Surabaya,25.2,33.4,29.562506,0.0,63.398106,7.845762,12.163144,Cerah
2023-12-20,Surabaya,24.15,33.05,29.481249,0.1,58.827557,9.66687,12.151105,Berawan
2023-12-21,Surabaya,24.6,33.4,29.42708,1.0,65.5503,6.3377566,12.139096,Berawan
2023-12-22,Surabaya,25.5,33.15,29.106253,4.1,72.8106,5.628874,11.687001,Berawan
2023-12-23,Surabaya,25.1,35.45,29.706251,0.5,68.90695,7.7505803,12.3953495,Berawan
2023-12-24,Surabaya,24.7,33.85,29.47083,2.3999999,71.53037,6.21433,12.103597,Berawan
2023-12-25,Surabaya,25.05,32.1,27.912498,9.9,79.11459,6.8292217,10.340431,Hujan
2023-12-26,Surabaya,24.2,32.35,28.1875,0.2,79.08436,5.8798394,11.384161,Berawan
2023-12-27,Surabaya,25.75,32.65,28.879166,3.8999999,78.73432,6.6530337,11.966684,Berawan
2023-12-28,Surabaya,25.6,32.7,28.614584,4.799999,79.86496,7.506943,11.483208,Berawan
2023-12-29,Surabaya,26.15,33.45,29.329168,4.4,77.818115,8.645333,11.6168585,Berawan
2023-12-30,Surabaya,24.9,32.55,28.13333,22.1,82.080635,6.0455313,11.0721445,Hujan
2023-12-31,Surabaya,24.85,33.1,28.647913,1.9000001,79.707436,6.6853004,11.686713,Berawan
2024-01-01,Surabaya,25.2,31.35,27.972918,15.500001,83.70789,6.308233,11.407466,Hujan
2024-01-02,Surabaya,24.9,32.35,27.989586,4.3999996,82.85998,7.289016,11.671703,Berawan
2024-01-03,Surabaya,25.1,30.25,27.295835,19.7,86.03243,5.6682897,5.6542587,Hujan
2024-01-04,Surabaya,24.4,31.0,27.168753,23.4,86.207886,6.290006,9.731083,Hujan
2024-01-05,Surabaya,23.75,30.35,26.991669,1.7000002,84.44125,4.7420015,3.4917676,Berawan
2024-01-06,Surabaya,25.8,29.5,27.224998,24.200003,86.07602,5.470837,5.6892524,Hujan
2024-01-07,Surabaya,25.15,29.65,26.635416,15.200001,90.1312,4.099721,5.375408,Hujan
2024-01-08,Surabaya,24.5,31.45,27.085419,7.3,87.26095,6.137891,8.408256,Hujan
2024-01-09,Surabaya,24.45,31.85,27.414583,9.499999,86.11374,4.3435025,10.791468,Hujan
2024-01-10,Surabaya,24.65,32.2,27.689585,16.399998,85.208916,5.6964626,10.337239,Hujan
2024-01-11,Surabaya,24.75,33.2,27.61667,11.900001,84.08701,7.645991,11.825615,Hujan
2024-01-12,Surabaya,24.65,32.6,28.464584,0.1,78.40165,6.2653036,11.93389,Berawan
2024-01-13,Surabaya,24.0,33.4,29.19375,0.1,69.94667,5.295794,11.687366,Berawan
2024-01-14,Surabaya,25.15,32.9,29.174997,0.70000005,72.19166,5.9815235,8.520262,Berawan
2024-01-15,Surabaya,25.15,32.8,27.612495,16.8,82.640205,5.8969855,8.701345,Hujan
2024-01-16,Surabaya,25.05,31.75,27.212503,13.0,85.20617,5.5989437,8.437373,Hujan
2024-01-17,Surabaya,24.15,30.0,26.602081,6.099999,86.06683,6.5114374,6.2895436,Hujan
2024-01-18,Surabaya,24.35,32.35,27.479164,12.8,85.26063,6.5084944,10.246116,Hujan
2024-01-19,Surabaya,24.35,30.85,26.597916,8.400001,86.692474,8.850776,6.015539,Hujan
2024-01-20,Surabaya,24.1,32.15,27.622917,1.5,78.99419,8.8559885,10.963019,Berawan
2024-01-21,Surabaya,24.9,33.55,27.662498,1.5000001,77.44299,10.063034,9.766356,Berawan
2024-01-22,Surabaya,25.1,31.05,27.2875,6.6999993,81.3415,13.932002,9.717034,Hujan
2024-01-23,Surabaya,25.05,32.65,28.008333,1.0,78.73231,9.217498,7.6701574,Berawan
2024-01-24,Surabaya,24.6,32.0,27.131248,27.099998,80.4719,10.020365,8.342375,Hujan
2024-01-25,Surabaya,24.4,31.35,27.283333,4.8999996,84.239494,10.289067,11.178208,Berawan
2024-01-26,Surabaya,24.15,31.6,26.858337,19.3,86.1297,9.68734,10.200584,Hujan
2024-01-27,Surabaya,24.5,31.6,27.220835,7.2,83.66981,10.007922,11.954645,Hujan
2024-01-28,Surabaya,24.0,31.85,27.060417,5.799999,84.73539,7.550485,9.043062,Hujan
2024-01-29,Surabaya,24.2,32.05,26.302084,22.8,88.63333,4.885699,7.0141068,Hujan
2024-01-30,Surabaya,23.7,30.3,26.629168,17.300001,88.870476,3.9234111,6.5180783,Hujan
2024-01-31,Surabaya,24.25,31.95,26.927084,17.2,87.3497,5.0440354,11.315147,Hujan
2024-02-01,Surabaya,25.0,31.55,27.249998,15.400001,85.78848,3.5997572,10.192624,Hujan
2024-02-02,Surabaya,23.95,31.15,26.793753,11.599999,87.76461,5.493433,9.71386,Hujan
2024-02-03,Surabaya,24.8,29.8,26.477083,10.4,89.460594,8.080606,5.192453,Hujan
2024-02-04,Surabaya,24.7,31.25,26.40417,30.699999,87.912056,7.6051326,6.476696,Hujan
2024-02-05,Surabaya,24.2,31.6,27.093752,15.0,84.410385,10.9869175,9.853916,Hujan
2024-02-06,Surabaya,24.0,31.1,26.191668,25.799997,89.234985,8.74862,5.812442,Hujan
2024-02-07,Surabaya,24.45,30.05,26.620834,4.6,86.4645,8.19726,6.950478,Berawan
2024-02-08,Surabaya,23.85,31.5,26.400002,10.000001,87.44941,5.93932,6.64121,Hujan
2024-02-09,Surabaya,24.3,32.15,27.660418,14.4,83.02516,5.802815,11.844751,Hujan
2024-02-10,Surabaya,24.05,30.35,25.866667,30.400002,89.21667,7.6143723,5.1850348,Hujan
2024-02-11,Surabaya,24.35,31.35,26.574999,12.900002,88.83117,7.213605,8.596627,Hujan
2024-02-12,Surabaya,24.45,32.35,27.066668,10.2,85.60288,7.6081223,11.0,Hujan
2024-02-13,Surabaya,24.3,31.2,27.2125,14.200002,87.95504,4.3751483,10.079708,Hujan
2024-02-14,Surabaya,24.85,30.5,27.025002,21.0,89.14948,3.7457302,10.586194,Hujan
2024-02-15,Surabaya,25.35,30.9,27.70833,5.8,87.2747,5.4420977,11.825642,Hujan
2024-02-16,Surabaya,25.4,32.5,27.952082,4.9999995,83.765144,5.064389,11.577363,Berawan
2024-02-17,Surabaya,24.65,31.2,27.214584,8.499999,86.47265,5.059418,10.922057,Hujan
2024-02-18,Surabaya,24.3,31.5,27.225,2.6000001,86.28903,4.3409777,11.381578,Berawan
2024-02-19,Surabaya,24.55,31.45,27.64792,6.1,85.21725,5.7397246,10.654027,Hujan
2024-02-20,Surabaya,25.4,32.05,28.199997,7.2,85.22408,5.5274725,11.321874,Hujan
2024-02-21,Surabaya,24.65,32.55,27.37708,14.6,85.88337,4.539788,10.003868,Hujan
2024-02-22,Surabaya,24.95,32.7,28.0875,5.2,83.48257,9.717334,11.004389,Hujan
2024-02-23,Surabaya,24.7,30.5,27.289581,21.000002,87.20325,7.768084,7.192181,Hujan
2024-02-24,Surabaya,24.8,30.3,27.08333,26.0,88.953804,6.002418,8.251975,Hujan
2024-02-25,Surabaya,25.3,29.45,26.42708,17.300001,88.99372,9.507709,6.1072464,Hujan
2024-02-26,Surabaya,24.85,31.45,27.0625,10.3,85.85742,6.771327,10.702385,Hujan
2024-02-27,Surabaya,25.3,30.65,27.497917,5.5,86.4704,4.3430343,10.6571455,Hujan
2024-02-28,Surabaya,25.05,30.05,27.106247,16.4,87.958466,4.354287,9.501924,Hujan
2024-02-29,Surabaya,25.25,31.15,27.60417,13.400001,87.96374,4.333702,10.005436,Hujan
2024-03-01,Surabaya,25.2,31.75,27.322916,14.100002,87.5449,5.518167,8.802631,Hujan
2024-03-02,Surabaya,24.8,30.85,27.510416,8.7,87.102234,5.746195,10.203998,Hujan
2024-03-03,Surabaya,25.35,32.1,27.504168,8.900001,86.62391,7.5879974,10.486376,Hujan
2024-03-04,Surabaya,25.0,30.9,27.418749,8.299999,87.55271,4.4919543,10.392723,Hujan
2024-03-05,Surabaya,25.3,31.35,27.583334,33.8,86.61743,3.614714,11.362291,Hujan
2024-03-06,Surabaya,24.65,31.55,27.512503,6.3999996,86.39917,5.930445,8.782416,Hujan
2024-03-07,Surabaya,24.65,31.25,27.077082,29.400002,89.51846,5.692496,4.908175,Hujan
2024-03-08,Surabaya,25.2,31.35,27.220833,22.199999,89.50232,7.339684,8.553167,Hujan
2024-03-09,Surabaya,24.95,28.8,26.389585,8.7,90.08767,14.196605,4.4374824,Hujan
2024-03-10,Surabaya,24.55,29.35,26.804169,0.2,82.60546,13.931436,2.6804998,Berawan
2024-03-11,Surabaya,25.0,30.55,26.97708,5.5,87.648705,10.097019,4.1973042,Hujan
2024-03-12,Surabaya,24.15,29.2,26.60417,12.200002,87.27491,12.550358,3.338964,Hujan
2024-03-13,Surabaya,25.15,28.85,26.356247,8.2,87.80892,15.098764,5.0502863,Hujan
2024-03-14,Surabaya,24.6,28.8,26.141668,9.800001,89.845924,14.346923,0.55961865,Hujan
2024-03-15,Surabaya,24.6,30.4,26.327085,21.400002,88.253876,15.8930435,9.000004,Hujan
2024-03-16,Surabaya,24.7,30.5,26.8125,3.3,85.1853,17.101347,8.725224,Berawan
2024-03-17,Surabaya,24.3,30.5,26.681252,4.5999994,85.355316,13.829846,9.818239,Berawan
2024-03-18,Surabaya,24.9,30.95,27.589584,0.9000001,81.066574,14.851375,9.333638,Berawan
2024-03-19,Surabaya,24.25,33.0,28.070831,1.9000001,78.6312,11.66813,11.591066,Berawan
2024-03-20,Surabaya,22.55,32.15,27.214582,3.1,81.478546,7.2790766,11.530141,Berawan
2024-03-21,Surabaya,23.75,31.95,26.92292,8.1,84.97265,6.4014077,10.655378,Hujan
2024-03-22,Surabaya,23.7,31.1,27.502085,1.4000001,83.80451,6.3376627,11.408415,Berawan
2024-03-23,Surabaya,25.0,31.4,28.439585,0.4,81.04792,6.7287226,11.476254,Berawan
2024-03-24,Surabaya,25.1,31.9,28.370832,0.8000001,81.65707,6.1122484,11.230673,Berawan
2024-03-25,Surabaya,25.0,32.0,28.160418,0.7,80.870674,6.9709487,10.72565,Berawan
2024-03-26,Surabaya,25.1,31.55,28.772919,0.0,76.59262,9.299594,11.175115,Cerah
2024-03-27,Surabaya,24.8,32.55,28.510416,0.0,77.518105,6.0850744,10.133112,Cerah
2024-03-28,Surabaya,24.95,31.5,27.264582,14.1,85.13796,5.378867,6.99064,Hujan
2024-03-29,Surabaya,24.45,30.65,27.912498,0.5,82.30576,7.4732366,11.059353,Berawan
2024-03-30,Surabaya,26.35,31.75,29.002083,0.70000005,77.82965,9.134636,11.0,Berawan
2024-03-31,Surabaya,25.45,32.95,28.918753,1.1,78.68629,6.7324576,11.132332,Berawan
2024-04-01,Surabaya,25.55,32.4,27.977087,2.8,83.40859,6.1999655,10.549939,Berawan
2024-04-02,Surabaya,25.05,30.85,27.941664,5.7,84.44304,7.0800786,11.140659,Hujan
2024-04-03,Surabaya,25.35,32.65,28.895834,0.8,81.0123,6.298002,11.144826,Berawan
2024-04-04,Surabaya,25.1,32.5,28.185415,7.2999997,81.86654,5.658981,11.0,Hujan
2024-04-05,Surabaya,24.75,31.75,27.491669,11.799999,85.47469,5.44999,8.422648,Hujan
2024-04-06,Surabaya,24.55,33.75,28.577085,0.2,79.75524,4.379923,10.9847145,Berawan
2024-04-07,Surabaya,25.6,31.55,27.939585,8.700001,86.38107,5.622211,10.441826,Hujan
2024-04-08,Surabaya,25.15,32.15,28.027082,11.600002,83.68563,4.2302904,10.036304,Hujan
2024-04-09,Surabaya,24.65,30.15,26.831247,19.499998,88.188194,4.7216578,8.674795,Hujan
2024-04-10,Surabaya,24.65,30.25,27.066666,11.299998,87.537025,5.0736647,7.3979073,Hujan
2024-04-11,Surabaya,25.1,29.55,26.722916,11.4,88.91912,5.332743,5.5989413,Hujan
2024-04-12,Surabaya,25.05,31.05,27.783335,4.7000003,85.487,5.064848,11.0,Berawan
2024-04-13,Surabaya,25.9,31.35,27.935417,3.3999999,83.98186,6.6492987,10.954421,Berawan
2024-04-14,Surabaya,26.2,31.2,28.381248,2.2,82.66179,8.080357,11.0444355,Berawan
2024-04-15,Surabaya,25.45,31.15,28.13958,4.1,82.73388,6.923426,11.108899,Berawan
2024-04-16,Surabaya,26.3,31.55,29.112501,0.3,78.08695,10.304543,11.047228,Berawan
2024-04-17,Surabaya,25.85,30.55,28.054167,20.5,84.29051,7.311221,8.968935,Hujan
2024-04-18,Surabaya,25.45,30.25,27.525003,4.8,86.56844,5.418904,7.103294,Berawan
2024-04-19,Surabaya,25.0,31.25,27.864584,1.5,85.205605,5.2644615,9.316334,Berawan
2024-04-20,Surabaya,25.5,31.85,28.837502,1.6,80.94648,8.338353,11.0,Berawan
2024-04-21,Surabaya,26.1,31.2,27.966667,8.1,86.352776,5.6399693,7.287982,Hujan
2024-04-22,Surabaya,24.7,31.0,28.081251,1.7000002,82.6695,8.233204,7.3795395,Berawan
2024-04-23,Surabaya,25.4,29.8,27.381247,33.800003,86.763695,6.4177585,7.4809756,Hujan
2024-04-24,Surabaya,25.4,29.15,26.874998,32.4,89.3379,7.888646,2.8231022,Hujan
2024-04-25,Surabaya,25.75,28.45,27.006254,10.800002,87.91004,8.470753,3.3420079,Hujan
2024-04-26,Surabaya,26.4,30.45,28.402082,3.5,83.392715,11.408181,10.288398,Berawan
2024-04-27,Surabaya,27.45,31.35,29.418753,0.4,78.22143,12.729333,11.0,Berawan
2024-04-28,Surabaya,26.7,31.65,29.233332,0.4,79.952065,10.41472,11.0,Berawan
2024-04-29,Surabaya,25.6,31.1,28.99375,0.1,78.277016,9.33649,11.047964,Berawan
2024-04-30,Surabaya,26.05,31.45,29.164583,0.0,75.81316,11.006128,10.63245,Cerah
2024-05-01,Surabaya,25.5,31.05,28.95208,0.0,77.65415,10.882357,11.0,Cerah
2024-05-02,Surabaya,25.5,31.8,29.099998,0.0,77.90885,11.389474,11.05023,Cerah
2024-05-03,Surabaya,24.35,31.85,28.818754,0.0,77.291885,9.144603,11.0,Cerah
2024-05-04,Surabaya,25.6,31.7,28.552084,0.4,76.57226,6.7251363,10.0,Berawan
2024-05-05,Surabaya,23.65,31.85,28.085413,0.0,71.29082,6.7072344,11.053,Cerah
2024-05-06,Surabaya,23.3,31.75,28.214584,0.0,68.08787,8.109849,11.054041,Cerah
2024-05-07,Surabaya,24.0,31.85,28.583336,0.1,71.29339,9.847457,11.05513,Berawan
2024-05-08,Surabaya,25.45,31.75,29.070833,0.0,72.964676,8.497316,11.056281,Cerah
2024-05-09,Surabaya,25.3,32.0,29.012503,0.0,75.003654,9.443554,11.057488,Cerah
2024-05-10,Surabaya,26.6,31.8,29.683334,0.1,72.36337,13.71761,11.05875,Berawan
2024-05-11,Surabaya,27.45,32.15,29.789583,0.8000001,72.97401,13.946834,11.060072,Berawan
2024-05-12,Surabaya,26.3,32.7,29.837502,0.1,69.25616,11.1607895,11.061445,Berawan
2024-05-13,Surabaya,24.2,32.25,29.006254,0.0,73.678925,9.969043,11.0,Cerah
2024-05-14,Surabaya,25.65,31.9,29.110415,0.6,74.228294,9.486357,11.064421,Berawan
2024-05-15,Surabaya,24.45,32.1,29.022917,0.0,71.60679,10.173711,11.0,Cerah
2024-05-16,Surabaya,24.05,32.05,28.900002,0.0,69.7837,9.627202,11.067689,Cerah
2024-05-17,Surabaya,24.7,31.8,28.875,0.0,74.68067,12.452708,11.069421,Cerah
2024-05-18,Surabaya,24.75,31.9,29.004166,0.0,72.47335,10.825145,11.071217,Cerah
2024-05-19,Surabaya,24.8,32.2,28.918753,0.0,69.11082,12.179501,11.07306,Cerah
2024-05-20,Surabaya,24.35,32.1,28.889578,0.0,68.6789,11.656909,11.074944,Cerah
2024-05-21,Surabaya,24.1,31.9,28.808332,0.0,69.89843,10.748339,11.076883,Cerah
2024-05-22,Surabaya,25.0,31.85,29.14792,0.1,71.635445,10.740605,11.010127,Berawan
2024-05-23,Surabaya,25.5,32.2,29.481249,0.0,69.14095,9.715121,11.012041,Cerah
2024-05-24,Surabaya,26.3,32.3,29.335419,0.90000004,73.53837,8.698765,11.013991,Berawan
2024-05-25,Surabaya,25.5,32.8,29.199997,0.2,74.51259,8.85435,11.0,Berawan
2024-05-26,Surabaya,24.6,32.65,29.124998,0.0,73.779,8.518349,11.01795,Cerah
2024-05-27,Surabaya,24.5,31.8,29.039581,0.0,73.42752,10.055874,11.019944,Cerah
2024-05-28,Surabaya,25.9,31.95,29.260416,0.70000005,74.76792,9.294212,11.0,Berawan
2024-05-29,Surabaya,27.7,31.85,29.456251,1.2,73.401665,10.013083,11.0,Berawan
2024-05-30,Surabaya,25.2,32.8,29.254166,0.5,73.211525,12.211213,11.0,Berawan
2024-05-31,Surabaya,25.3,33.0,29.63125,0.0,70.15302,11.401309,11.0,Cerah
2024-06-01,Surabaya,25.9,33.0,30.033333,0.0,69.80631,10.036612,11.0,Cerah
2024-06-02,Surabaya,25.25,33.2,28.51042,7.9,78.98159,7.1850033,11.0,Hujan
2024-06-03,Surabaya,25.15,33.95,29.154167,1.2,74.480095,6.3631625,11.0,Berawan
2024-06-04,Surabaya,25.0,32.65,28.933334,0.0,71.1001,7.761328,11.0,Cerah
2024-06-05,Surabaya,24.4,32.85,29.239588,0.0,69.05952,9.045454,11.0,Cerah
2024-06-06,Surabaya,23.65,32.25,28.547913,0.0,71.36704,9.836122,11.0,Cerah
2024-06-07,Surabaya,24.2,31.85,28.51458,1.2,73.022255,10.290054,11.0,Berawan
2024-06-08,Surabaya,25.2,31.2,28.652082,0.8,73.225655,10.440818,10.997938,Berawan
2024-06-09,Surabaya,25.3,31.0,28.391668,2.2999997,78.26012,10.591123,10.652999,Berawan
2024-06-10,Surabaya,25.45,31.55,28.95417,0.90000004,74.97714,11.118543,11.0,Berawan
2024-06-11,Surabaya,26.85,31.75,29.108332,0.6,72.50009,13.655025,11.0,Berawan
2024-06-12,Surabaya,25.45,31.95,28.647917,2.7999997,73.92925,7.718964,11.0,Berawan
2024-06-13,Surabaya,24.2,31.2,27.83333,3.0,78.75736,5.4146585,8.350008,Berawan
2024-06-14,Surabaya,25.15,31.3,28.016665,4.7999997,78.35313,6.4298306,10.91676,Berawan
2024-06-15,Surabaya,24.9,30.75,27.522919,2.1,80.31215,8.688857,11.0,Berawan
2024-06-16,Surabaya,23.5,30.95,27.872915,0.2,76.708305,10.713273,11.0,Berawan
2024-06-17,Surabaya,24.75,31.7,28.737501,0.5,72.95284,13.498076,11.0,Berawan
2024-06-18,Surabaya,26.95,31.15,29.049997,0.0,64.114944,19.321611,11.0,Cerah
2024-06-19,Surabaya,22.7,31.1,27.96875,0.0,66.0142,12.351105,11.0,Cerah
2024-06-20,Surabaya,22.85,31.3,27.731253,0.0,65.454056,12.802766,11.0,Cerah
2024-06-21,Surabaya,22.25,31.35,27.418753,0.0,66.65106,11.064056,11.0,Cerah
2024-06-22,Surabaya,21.95,32.15,27.885414,0.0,66.18032,10.5829,11.0,Cerah
2024-06-23,Surabaya,23.0,31.85,28.052084,0.0,69.20634,10.57054,11.0,Cerah
2024-06-24,Surabaya,24.55,30.95,27.881248,1.6000001,72.920815,10.320653,11.0,Berawan
2024-06-25,Surabaya,24.3,31.5,28.364586,0.1,70.78995,11.705507,11.0,Berawan
2024-06-26,Surabaya,24.65,31.55,28.64583,0.2,71.2881,11.761644,11.0,Berawan
2024-06-27,Surabaya,27.2,31.2,28.910418,1.4,72.12116,11.337847,11.0,Berawan
2024-06-28,Surabaya,25.05,31.35,28.304169,1.6000001,76.64094,10.111541,10.822126,Berawan
2024-06-29,Surabaya,25.3,32.0,28.933336,0.6,71.57586,12.223508,11.0,Berawan
2024-06-30,Surabaya,23.9,32.6,28.74792,0.0,71.489655,8.911646,11.0,Cerah
2024-07-01,Surabaya,24.7,32.1,28.824999,0.0,68.689255,9.647191,11.0,Cerah
2024-07-02,Surabaya,23.7,31.85,27.845835,3.9,75.38962,7.0593057,9.012017,Berawan
2024-07-03,Surabaya,24.15,30.6,27.691671,0.3,78.80921,11.10876,6.7960076,Berawan
2024-07-04,Surabaya,24.6,30.75,28.022913,2.0000002,75.83247,12.108703,9.841842,Berawan
2024-07-05,Surabaya,23.7,30.6,27.652086,0.1,73.43956,12.081676,11.0,Berawan
2024-07-06,Surabaya,24.6,30.9,28.20208,0.1,70.34315,11.584769,11.0,Berawan
2024-07-07,Surabaya,24.05,31.15,27.725,0.8000001,75.08036,6.936117,11.0,Berawan
2024-07-08,Surabaya,25.35,31.3,28.374998,0.0,69.16079,13.968679,11.02555,Cerah
2024-07-09,Surabaya,23.45,31.45,28.060417,0.0,69.50561,9.976428,11.023606,Cerah
2024-07-10,Surabaya,23.4,31.8,28.4,0.0,68.516685,11.520393,11.0,Cerah
2024-07-11,Surabaya,21.95,32.35,27.862501,0.0,65.87682,14.080114,11.019912,Cerah
2024-07-12,Surabaya,22.2,31.65,27.570833,0.0,62.3409,12.991205,11.018105,Cerah
2024-07-13,Surabaya,21.65,30.8,27.014582,0.0,65.54659,11.19573,11.016297,Cerah
2024-07-14,Surabaya,19.75,30.7,26.520834,0.0,61.754482,13.213378,11.014493,Cerah
2024-07-15,Surabaya,21.45,31.35,26.927084,0.0,61.0759,11.628371,11.012706,Cerah
2024-07-16,Surabaya,21.8,31.35,27.108332,0.0,63.90098,12.787062,11.010929,Cerah
2024-07-17,Surabaya,22.9,31.1,27.552084,0.0,66.12527,15.9555025,11.078212,Cerah
2024-07-18,Surabaya,23.05,30.6,27.66667,0.0,68.17467,13.719049,11.076389,Cerah
2024-07-19,Surabaya,24.2,31.8,28.008331,0.0,66.11094,16.86115,11.0,Cerah
2024-07-20,Surabaya,23.0,30.95,27.479166,0.0,67.44085,14.798441,11.004057,Cerah
2024-07-21,Surabaya,23.05,31.35,27.716665,0.0,63.8114,12.634239,11.07112,Cerah
2024-07-22,Surabaya,22.0,31.3,27.585419,0.0,63.895542,11.372367,11.069441,Cerah
2024-07-23,Surabaya,21.85,31.9,27.522917,0.1,67.48424,8.973719,11.067802,Berawan
2024-07-24,Surabaya,23.15,32.3,28.006248,0.0,67.671234,10.087714,11.0,Cerah
2024-07-25,Surabaya,22.85,31.55,27.735418,0.0,65.9852,10.500849,11.0646925,Cerah
2024-07-26,Surabaya,23.05,31.9,28.11875,0.0,64.60243,12.221726,11.063223,Cerah
2024-07-27,Surabaya,22.8,31.85,28.041666,0.0,66.95164,10.36025,11.0618305,Cerah
2024-07-28,Surabaya,22.55,32.6,27.90625,0.0,68.12238,10.610153,11.060498,Cerah
2024-07-29,Surabaya,21.05,31.85,27.537498,0.0,67.536156,10.101702,11.059244,Cerah
2024-07-30,Surabaya,22.7,32.35,28.033333,0.0,68.83205,11.749614,11.0,Cerah
2024-07-31,Surabaya,24.15,31.95,28.229172,0.2,71.52767,11.708381,11.0,Berawan
2024-08-01,Surabaya,26.15,31.35,28.414583,1.4000001,73.25195,15.180735,11.0559635,Berawan
2024-08-02,Surabaya,25.0,31.1,27.975,2.2,75.18629,12.294738,11.055002,Berawan
2024-08-03,Surabaya,24.15,31.65,28.308334,0.1,70.260475,12.436857,11.054107,Berawan
2024-08-04,Surabaya,23.8,32.2,28.312502,0.0,66.69544,12.268586,11.053281,Cerah
2024-08-05,Surabaya,21.8,32.5,27.593748,0.0,64.61824,10.549306,11.119758,Cerah
2024-08-06,Surabaya,22.7,32.3,28.020834,0.0,66.144356,12.038965,11.0,Cerah
2024-08-07,Surabaya,22.9,31.95,27.756248,0.0,68.954155,12.3489275,11.051166,Cerah
2024-08-08,Surabaya,24.25,31.9,28.472916,0.0,67.69352,13.981197,11.050583,Cerah
2024-08-09,Surabaya,23.9,32.05,28.247917,0.0,68.314995,13.912268,11.05007,Cerah
2024-08-10,Surabaya,24.3,31.85,28.364584,0.0,65.40715,14.969795,11.04961,Cerah
2024-08-11,Surabaya,21.75,31.95,27.562498,0.0,59.47495,14.029564,11.115862,Cerah
2024-08-12,Surabaya,20.7,30.75,26.722916,0.0,59.21198,12.478076,11.115425,Cerah
2024-08-13,Surabaya,21.85,32.5,27.722916,0.0,63.40289,13.43877,11.048586,Cerah
2024-08-14,Surabaya,22.2,31.65,27.518747,0.0,66.829956,14.418213,11.114729,Cerah
2024-08-15,Surabaya,22.3,31.7,27.45417,0.0,65.52852,13.37844,11.114465,Cerah
2024-08-16,Surabaya,21.0,31.4,27.058334,0.0,65.01105,12.004882,11.114259,Cerah
2024-08-17,Surabaya,22.5,31.45,27.541666,0.0,64.902405,11.87242,11.114108,Cerah
2024-08-18,Surabaya,22.9,31.65,27.720835,0.0,65.96995,12.109667,11.114023,Cerah
2024-08-19,Surabaya,21.1,31.95,27.189585,0.0,66.785545,12.212001,11.048069,Cerah
2024-08-20,Surabaya,21.7,31.5,27.227083,0.0,67.13078,11.554445,11.113999,Cerah
2024-08-21,Surabaya,22.5,31.95,27.741669,0.0,66.305084,11.455311,11.114099,Cerah
2024-08-22,Surabaya,22.6,32.95,27.991667,0.0,68.19302,10.982366,11.048636,Cerah
2024-08-23,Surabaya,23.1,32.5,28.30625,0.0,62.73001,10.781398,11.048987,Cerah
2024-08-24,Surabaya,22.0,32.65,27.970833,0.0,65.79337,11.358482,11.05395,Cerah
2024-08-25,Surabaya,22.7,32.85,28.112501,0.0,64.95331,11.938124,11.050402,Cerah
2024-08-26,Surabaya,22.9,33.6,28.84375,0.0,63.34258,11.62447,11.050483,Cerah
2024-08-27,Surabaya,21.6,33.6,28.360418,0.0,58.543903,12.960489,11.0,Cerah
2024-08-28,Surabaya,21.8,32.25,27.816668,0.0,63.334126,11.68022,9.289213,Cerah
2024-08-29,Surabaya,22.25,32.65,28.214582,0.0,65.96161,11.921446,11.048715,Cerah
2024-08-30,Surabaya,21.55,32.65,27.860415,0.0,62.375965,11.025257,11.097581,Cerah
2024-08-31,Surabaya,23.35,33.0,28.40625,0.0,62.965393,12.573506,11.093928,Cerah
2024-09-01,Surabaya,24.15,32.9,28.775,0.0,65.160835,11.831713,11.035274,Cerah
2024-09-02,Surabaya,23.85,31.8,28.299995,0.0,67.50019,12.645067,11.151541,Cerah
2024-09-03,Surabaya,23.4,32.6,28.712502,0.0,62.83177,13.401098,11.091034,Cerah
2024-09-04,Surabaya,23.7,32.6,28.606249,0.0,64.93124,12.850396,11.151222,Cerah
2024-09-05,Surabaya,23.65,33.55,29.08333,0.0,66.2591,11.817204,11.205266,Cerah
2024-09-06,Surabaya,23.65,32.65,28.787498,0.0,64.42549,14.569596,11.201583,Cerah
2024-09-07,Surabaya,23.1,32.9,28.693748,0.0,64.42463,12.912739,11.201934,Cerah
2024-09-08,Surabaya,24.9,32.2,29.027084,0.0,66.37435,12.886094,11.132664,Cerah
2024-09-09,Surabaya,24.1,33.45,29.187498,0.0,64.55992,11.049809,11.1926775,Cerah
2024-09-10,Surabaya,24.45,32.15,28.410421,1.0,72.25699,7.09604,11.123517,Berawan
2024-09-11,Surabaya,24.45,33.25,29.037498,0.1,68.75747,11.72361,11.183686,Berawan
2024-09-12,Surabaya,23.5,32.8,28.78333,0.0,62.896786,13.329746,11.309109,Cerah
2024-09-13,Surabaya,22.65,33.65,28.702082,0.0,60.85591,13.066029,11.305519,Cerah
2024-09-14,Surabaya,22.55,33.15,28.779167,0.0,59.347706,12.041871,11.366367,Cerah
2024-09-15,Surabaya,23.15,33.05,28.839582,0.0,58.76507,11.768916,11.357492,Cerah
2024-09-16,Surabaya,23.7,33.0,28.835417,0.0,59.235138,12.008643,11.288207,Cerah
2024-09-17,Surabaya,22.5,33.6,28.800001,0.0,52.82111,13.478226,11.420059,Cerah
2024-09-18,Surabaya,22.1,33.35,28.647917,0.0,53.377808,11.519303,11.471557,Cerah
2024-09-19,Surabaya,22.05,34.5,28.841665,0.0,58.959732,9.05792,11.466688,Cerah
2024-09-20,Surabaya,25.75,32.15,28.775,0.0,66.90927,13.398698,11.333197,Cerah
2024-09-21,Surabaya,26.4,32.55,29.124994,0.0,68.96031,13.669018,11.328437,Cerah
2024-09-22,Surabaya,26.4,32.2,29.150002,0.70000005,75.48927,14.29539,11.195061,Berawan
2024-09-23,Surabaya,25.75,31.9,28.38333,2.1999998,75.44138,7.413227,10.449445,Berawan
2024-09-24,Surabaya,25.9,32.45,28.952082,1.3000001,73.15642,8.393049,10.565244,Berawan
2024-09-25,Surabaya,24.65,33.8,28.714582,0.8,72.434364,7.587536,11.310015,Berawan
2024-09-26,Surabaya,24.75,33.45,28.379168,5.0999994,75.944824,5.7005253,10.639451,Hujan
2024-09-27,Surabaya,23.9,34.3,29.08333,0.2,71.48399,9.83887,11.430039,Berawan
2024-09-28,Surabaya,26.95,33.3,30.049997,0.0,66.10284,16.35571,11.619023,Cerah
2024-09-29,Surabaya,24.8,34.3,30.106249,0.0,63.074436,13.372774,11.701912,Cerah
2024-09-30,Surabaya,23.95,34.5,29.918753,0.0,64.40804,11.939062,11.710347,Cerah
2024-10-01,Surabaya,24.2,34.15,29.945831,0.0,62.861755,12.2881775,11.718812,Cerah
2024-10-02,Surabaya,24.15,33.9,29.777082,0.0,62.555515,12.57195,11.72729,Cerah
2024-10-03,Surabaya,25.85,33.4,29.966665,0.0,61.054966,14.161802,10.624052,Cerah
2024-10-04,Surabaya,24.9,34.0,29.79167,0.1,63.696613,12.365266,11.744217,Berawan
2024-10-05,Surabaya,24.8,34.1,29.743753,2.8,66.0181,11.852617,11.592275,Berawan
2024-10-06,Surabaya,24.4,33.55,29.475,0.1,67.552,12.398343,11.760983,Berawan
2024-10-07,Surabaya,23.25,33.9,29.225004,0.0,67.5512,13.438699,11.769263,Cerah
2024-10-08,Surabaya,24.55,33.35,29.618752,0.0,64.472275,12.499613,11.777451,Cerah
2024-10-09,Surabaya,25.6,33.8,30.13958,0.0,60.234135,13.616111,11.785527,Cerah
2024-10-10,Surabaya,24.8,34.2,30.03125,0.0,62.06482,13.539296,11.793474,Cerah
2024-10-11,Surabaya,25.25,33.6,29.88125,0.0,64.364426,12.672443,11.801278,Cerah
2024-10-12,Surabaya,25.95,34.2,30.564583,0.0,62.1207,14.625056,11.808919,Cerah
2024-10-13,Surabaya,26.0,34.65,30.685417,0.0,64.6701,12.269707,11.816378,Cerah
2024-10-14,Surabaya,25.0,35.0,30.4125,0.0,63.42407,9.803891,11.823642,Cerah
2024-10-15,Surabaya,25.75,34.95,30.475004,0.1,57.37993,11.807914,11.495896,Berawan
2024-10-16,Surabaya,23.4,34.55,29.664581,0.0,51.71674,12.713826,11.819167,Cerah
2024-10-17,Surabaya,24.25,34.8,29.699999,0.0,52.382645,11.3265085,11.844054,Cerah
2024-10-18,Surabaya,24.8,33.55,29.65625,0.0,58.851166,11.414383,11.684761,Cerah
2024-10-19,Surabaya,25.15,34.1,29.558332,2.6999998,65.960976,8.43469,11.856341,Berawan
2024-10-20,Surabaya,24.35,32.6,27.518751,9.200001,79.14788,6.649522,10.222603,Hujan
2024-10-21,Surabaya,24.65,33.1,28.533333,1.6,72.821846,6.9126196,11.696596,Berawan
2024-10-22,Surabaya,24.8,33.9,29.387499,0.4,66.56085,6.039318,11.873308,Berawan
2024-10-23,Surabaya,24.2,33.95,29.570837,0.2,67.53849,6.6803007,11.878687,Berawan
2024-10-24,Surabaya,24.95,33.8,29.154167,1.3000001,71.04471,6.124519,11.713147,Berawan
2024-10-25,Surabaya,23.55,35.55,29.912498,0.1,64.65207,8.147992,11.888965,Berawan
2024-10-26,Surabaya,25.15,34.6,30.12708,0.0,63.28641,9.123955,11.893841,Cerah
2024-10-27,Surabaya,23.9,35.45,30.068748,0.0,65.11939,10.055923,11.898529,Cerah
2024-10-28,Surabaya,24.8,35.35,30.4625,0.0,63.352184,10.269858,11.903018,Cerah
2024-10-29,Surabaya,25.25,34.75,30.372915,0.0,63.160213,10.659331,11.907294,Cerah
2024-10-30,Surabaya,24.9,34.55,30.25625,0.0,64.18322,11.353347,11.911348,Cerah
2024-10-31,Surabaya,25.95,34.4,30.168755,0.90000004,68.2909,8.676961,11.604473,Berawan
2024-11-01,Surabaya,25.05,29.55,27.508337,9.6,81.93688,8.120939,8.49575,Hujan
2024-11-02,Surabaya,24.85,30.95,28.112501,12.000002,79.63078,8.007942,9.343987,Hujan
2024-11-03,Surabaya,24.8,31.2,27.402082,23.7,83.86713,5.995706,11.68588,Hujan
2024-11-04,Surabaya,25.3,30.6,27.916664,15.000001,81.318596,5.1591144,11.470766,Hujan
2024-11-05,Surabaya,26.2,31.75,29.006254,0.1,73.54896,10.727606,11.930401,Berawan
2024-11-06,Surabaya,24.75,32.7,28.679167,0.5,72.86855,8.082761,11.9325905,Berawan
2024-11-07,Surabaya,23.6,32.8,28.722914,0.2,71.976616,6.5713053,11.934469,Berawan
2024-11-08,Surabaya,25.7,32.4,28.733332,4.2,76.13382,7.916135,11.936026,Berawan
2024-11-09,Surabaya,25.6,33.35,28.847918,3.3000002,77.37971,6.686531,10.31298,Berawan
2024-11-10,Surabaya,25.0,32.4,28.381247,5.9999995,79.31119,7.2851343,11.608548,Hujan
2024-11-11,Surabaya,24.9,32.3,27.73542,15.600001,82.78205,6.0441923,11.47115,Hujan
2024-11-12,Surabaya,23.8,32.2,28.502083,0.90000004,77.50019,7.56704,11.939353,Berawan
2024-11-13,Surabaya,26.2,32.8,29.762497,0.4,72.04664,8.354367,11.939503,Berawan
2024-11-14,Surabaya,27.2,33.5,30.487497,2.4,67.07751,7.5283504,11.939383,Berawan
2024-11-15,Surabaya,27.4,34.4,30.314589,2.3,68.44387,5.6901455,11.819692,Berawan
2024-11-16,Surabaya,27.25,33.1,29.69792,1.7,71.15537,5.6190996,11.938354,Berawan
2024-11-17,Surabaya,25.35,33.5,29.174997,23.399998,73.81663,6.578296,11.937452,Hujan
2024-11-18,Surabaya,24.45,32.3,28.049995,12.600001,81.211006,5.326459,11.22749,Hujan
2024-11-19,Surabaya,25.45,31.3,27.712503,7.399999,83.30952,4.768098,10.3261,Hujan
2024-11-20,Surabaya,25.45,31.65,27.764585,3.6,83.85672,4.938406,11.933221,Berawan
2024-11-21,Surabaya,25.35,32.2,28.162498,9.7,82.61659,4.545905,11.0818405,Hujan
2024-11-22,Surabaya,25.25,31.05,28.152079,12.8,81.87156,5.592462,10.799104,Hujan
2024-11-23,Surabaya,26.05,33.5,29.077082,4.5,75.7002,5.0260677,11.909051,Berawan
2024-11-24,Surabaya,25.6,30.75,27.5375,15.599999,84.49487,4.7447057,10.131404,Hujan
2024-11-25,Surabaya,25.9,32.25,28.060411,4.1,82.585365,4.2499247,11.921256,Berawan
2024-11-26,Surabaya,24.55,32.0,28.187494,6.5999994,82.24967,3.924647,11.160868,Hujan
2024-11-27,Surabaya,25.25,31.65,28.00208,13.9,84.41419,4.02245,10.557867,Hujan
2024-11-28,Surabaya,25.0,31.85,27.302086,33.2,85.598755,4.432309,7.8052993,Hujan
2024-11-29,Surabaya,25.0,31.0,27.789581,8.7,83.98368,4.387336,9.582104,Hujan
2024-11-30,Surabaya,25.95,31.25,27.656248,30.300001,85.63052,5.0285163,5.7984233,Hujan
2024-12-01,Surabaya,25.95,31.05,27.604166,17.8,84.81196,3.344711,5.8633127,Hujan
2024-12-02,Surabaya,25.05,30.3,27.141665,8.2,86.20869,4.8091326,9.171203,Hujan
2024-12-03,Surabaya,24.85,32.5,27.822916,6.0,80.79549,5.6673174,11.217538,Hujan
2024-12-04,Surabaya,25.1,31.05,27.429163,7.1,85.66092,3.765002,4.4199157,Hujan
2024-12-05,Surabaya,24.95,31.45,27.658333,8.999999,83.52288,5.8216047,10.465204,Hujan
2024-12-06,Surabaya,24.75,27.25,25.489584,24.3,92.10984,8.262081,2.1110985,Hujan
2024-12-07,Surabaya,24.2,31.7,27.24375,3.2999997,83.35116,7.2180524,10.585347,Berawan
2024-12-08,Surabaya,25.4,31.05,27.44375,12.600001,84.27812,9.887849,9.044866,Hujan
2024-12-09,Surabaya,25.8,31.05,27.293753,13.6,82.930756,9.052603,6.139647,Hujan
2024-12-10,Surabaya,25.05,31.85,27.268751,27.399998,86.70901,7.587612,8.0,Hujan
2024-12-11,Surabaya,24.9,30.9,26.841661,12.700002,87.34713,5.5814476,7.2557435,Hujan
2024-12-12,Surabaya,25.15,30.75,26.968748,5.1,84.365265,3.0414295,7.219001,Hujan
2024-12-13,Surabaya,24.75,31.05,27.325003,8.900001,82.23555,3.424544,8.355971,Hujan
2024-12-14,Surabaya,24.1,28.6,26.06458,34.000004,90.19669,5.526918,5.5549564,Hujan
2024-12-15,Surabaya,24.85,30.9,26.731247,32.8,88.142296,6.063586,6.245641,Hujan
2024-12-16,Surabaya,24.65,28.15,26.431252,15.1,90.19165,5.5874095,0.0,Hujan
2024-12-17,Surabaya,24.9,30.6,26.889585,12.7,87.717316,6.938446,8.410663,Hujan
2024-12-18,Surabaya,24.6,31.1,27.120834,7.1,87.197426,3.9155855,8.339577,Hujan
2024-12-19,Surabaya,25.0,32.4,28.172915,5.3,77.254845,7.641191,12.017183,Hujan
2024-12-20,Surabaya,26.1,31.6,28.14583,4.3,80.59236,10.272556,11.126753,Berawan
2024-12-21,Surabaya,26.0,30.45,27.504166,5.0999994,83.63566,7.9500046,8.764605,Hujan
2024-12-22,Surabaya,25.2,30.3,26.681253,17.4,88.34568,5.343146,4.514172,Hujan
2024-12-23,Surabaya,24.9,31.4,27.004168,17.0,85.49035,4.978925,9.712344,Hujan
2024-12-24,Surabaya,24.1,31.8,26.737495,26.4,85.37992,6.114642,9.971076,Hujan
2024-12-25,Surabaya,25.2,31.4,26.727081,17.699999,87.094826,6.1004233,5.7097125,Hujan
2024-12-26,Surabaya,24.75,31.25,26.847916,33.7,86.99005,5.473385,6.442783,Hujan
2024-12-27,Surabaya,25.8,31.1,28.202085,7.7,81.0591,6.2610426,8.888579,Hujan
2024-12-28,Surabaya,25.65,30.5,27.679163,7.2999997,82.856834,6.28847,7.0,Hujan
2024-12-29,Surabaya,25.4,29.0,26.927086,4.0,84.27216,9.287144,2.0044122,Berawan
2024-12-30,Surabaya,25.1,32.1,27.304169,7.2999997,80.549644,7.448956,9.791205,Hujan
2024-12-31,Surabaya,25.15,30.95,27.137499,15.1,84.62455,7.439706,8.463634,Hujan
